case_id,group_id,arm,condition,region,dice,risk,U1,I,ece,brier,gt_voxels,pred_voxels,demo,synthetic,scientific_result,disclaimer
SYNTH_00500,SYNTH_G0250,A,Full,WT,0.9411764705882353,0.05882352941176472,0.42505748523085224,-0.1230775928649394,0.1639306621120348,0.042781542269410396,80,90,true,true,false,Synthetic demonstration only — not a BraTS scientific result.
SYNTH_00500,SYNTH_G0250,A,Full,TC,0.916030534351145,0.08396946564885499,0.3759396773010634,-0.14886834417695874,0.16296273147748266,0.04133760026939035,60,71,true,true,false,Synthetic demonstration only — not a BraTS scientific result.
SYNTH_00500,SYNTH_G0250,A,Full,ET,0.916030534351145,0.08396946564885499,0.3729726209293241,-0.22830382705076102,0.16417213175768217,0.04319097700363063,60,71,true,true,false,Synthetic demonstration only — not a BraTS scientific result.
SYNTH_00500,SYNTH_G0250,A,-T1,WT,0.7,0.30000000000000004,0.3595687524258953,-0.24725805072777696,0.19138033705076585,0.07138477417739555,80,140,true,true,false,Synthetic demonstration only — not a BraTS scientific result.
SYNTH_00500,SYNTH_G0250,A,-T1,TC,0.6742857142857143,0.32571428571428573,0.31684327587557515,-0.27624398841451975,0.19863195890839544,0.06845545820103927,60,115,true,true,false,Synthetic demonstration only — not a BraTS scientific result.
SYNTH_00500,SYNTH_G0250,A,-T1,ET,0.6338797814207651,0.36612021857923494,0.3339290944774799,-0.3896820431348987,0.20206350429315043,0.07297232582699387,60,123,true,true,false,Synthetic demonstration only — not a BraTS scientific result.
SYNTH_00500,SYNTH_G0250,A,-T1c,WT,0.5806451612903226,0.4193548387096774,0.34151511561739994,-0.33909360156736784,0.21562649824188862,0.09398567450640057,80,168,true,true,false,Synthetic demonstration only — not a BraTS scientific result.
SYNTH_00500,SYNTH_G0250,A,-T1c,TC,0.4594594594594595,0.5405405405405406,0.27636018003108165,-0.39902902201907536,0.22170646828983953,0.09412557010899393,60,162,true,true,false,Synthetic demonstration only — not a BraTS scientific result.
SYNTH_00500,SYNTH_G0250,A,-T1c,ET,0.43983402489626555,0.5601659751037344,0.3240201613930415,-0.48913654591070904,0.22126646542674594,0.09628172325173523,60,181,true,true,false,Synthetic demonstration only — not a BraTS scientific result.
SYNTH_00500,SYNTH_G0250,A,-T2,WT,0.7596153846153846,0.24038461538461542,0.36549794869169444,-0.2414738131988914,0.19352606106019127,0.06740482952981547,80,128,true,true,false,Synthetic demonstration only — not a BraTS scientific result.
SYNTH_00500,SYNTH_G0250,A,-T2,TC,0.6444444444444445,0.3555555555555555,0.3230579939801762,-0.28125106008009937,0.20409270019518747,0.07215372630846788,60,120,true,true,false,Synthetic demonstration only — not a BraTS scientific result.
SYNTH_00500,SYNTH_G0250,A,-T2,ET,0.6363636363636364,0.36363636363636365,0.3074923139202058,-0.3897187478171034,0.19219149239133382,0.07013245332829356,60,116,true,true,false,Synthetic demonstration only — not a BraTS scientific result.
SYNTH_00500,SYNTH_G0250,A,-FLAIR,WT,0.7177033492822966,0.2822966507177034,0.3409283725677516,-0.23831654172956918,0.1874890921937262,0.07025291105605735,80,129,true,true,false,Synthetic demonstration only — not a BraTS scientific result.
SYNTH_00500,SYNTH_G0250,A,-FLAIR,TC,0.6298342541436464,0.37016574585635365,0.33177755559749933,-0.2872382502248772,0.19709118527652542,0.07143402155783629,60,121,true,true,false,Synthetic demonstration only — not a BraTS scientific result.
SYNTH_00500,SYNTH_G0250,A,-FLAIR,ET,0.6368715083798883,0.36312849162011174,0.3118271517335178,-0.39209133047736505,0.20165945413888536,0.07106160835286769,60,119,true,true,false,Synthetic demonstration only — not a BraTS scientific result.
SYNTH_00501,SYNTH_G0250,A,Full,WT,0.7272727272727273,0.2727272727272727,0.3213957441358448,-0.1230775928649394,0.20509342953754117,0.07012229202194295,80,129,true,true,false,Synthetic demonstration only — not a BraTS scientific result.
SYNTH_00501,SYNTH_G0250,A,Full,TC,0.6705202312138728,0.32947976878612717,0.32389058014058014,-0.14886834417695874,0.2012743288877977,0.07000838545381736,60,113,true,true,false,Synthetic demonstration only — not a BraTS scientific result.
SYNTH_00501,SYNTH_G0250,A,Full,ET,0.6867469879518072,0.3132530120481928,0.3004524507750314,-0.22830382705076102,0.18880845990128978,0.06494768309325576,60,106,true,true,false,Synthetic demonstration only — not a BraTS scientific result.
SYNTH_00501,SYNTH_G0250,A,-T1,WT,0.5487364620938628,0.45126353790613716,0.3362704188142957,-0.24725805072777696,0.22306549040029544,0.09968381933621114,80,197,true,true,false,Synthetic demonstration only — not a BraTS scientific result.
SYNTH_00501,SYNTH_G0250,A,-T1,TC,0.44537815126050423,0.5546218487394958,0.32250711274720584,-0.27624398841451975,0.2292225667433677,0.09826293358693172,60,178,true,true,false,Synthetic demonstration only — not a BraTS scientific result.
SYNTH_00501,SYNTH_G0250,A,-T1,ET,0.5229357798165137,0.47706422018348627,0.32261733565832473,-0.3896820431348987,0.22741523711738412,0.09408001974009783,60,158,true,true,false,Synthetic demonstration only — not a BraTS scientific result.
SYNTH_00501,SYNTH_G0250,A,-T1c,WT,0.45051194539249145,0.5494880546075085,0.3403434558864504,-0.33909360156736784,0.23311256438996172,0.11499273385346322,80,213,true,true,false,Synthetic demonstration only — not a BraTS scientific result.
SYNTH_00501,SYNTH_G0250,A,-T1c,TC,0.3870967741935484,0.6129032258064516,0.3041796835288267,-0.39902902201907536,0.24833491909834673,0.11420323801957315,60,188,true,true,false,Synthetic demonstration only — not a BraTS scientific result.
SYNTH_00501,SYNTH_G0250,A,-T1c,ET,0.34146341463414637,0.6585365853658536,0.3185065044405746,-0.48913654591070904,0.26450101964660966,0.12399868856415042,60,227,true,true,false,Synthetic demonstration only — not a BraTS scientific result.
SYNTH_00501,SYNTH_G0250,A,-T2,WT,0.5263157894736842,0.4736842105263158,0.3373275236020334,-0.2414738131988914,0.21689024926955527,0.09669126165665085,80,186,true,true,false,Synthetic demonstration only — not a BraTS scientific result.
SYNTH_00501,SYNTH_G0250,A,-T2,TC,0.47619047619047616,0.5238095238095238,0.317067747865328,-0.28125106008009937,0.227435339999349,0.09814675282013237,60,171,true,true,false,Synthetic demonstration only — not a BraTS scientific result.
SYNTH_00501,SYNTH_G0250,A,-T2,ET,0.40160642570281124,0.5983935742971888,0.328799309117676,-0.3897187478171034,0.23010642485698762,0.10577954696032407,60,189,true,true,false,Synthetic demonstration only — not a BraTS scientific result.
SYNTH_00501,SYNTH_G0250,A,-FLAIR,WT,0.532319391634981,0.467680608365019,0.3197301336477271,-0.23831654172956918,0.22007403318377786,0.09958205837236961,80,183,true,true,false,Synthetic demonstration only — not a BraTS scientific result.
SYNTH_00501,SYNTH_G0250,A,-FLAIR,TC,0.4782608695652174,0.5217391304347826,0.30987125123914133,-0.2872382502248772,0.23312248409123035,0.09952374239548958,60,170,true,true,false,Synthetic demonstration only — not a BraTS scientific result.
SYNTH_00501,SYNTH_G0250,A,-FLAIR,ET,0.4489795918367347,0.5510204081632653,0.34217614836629684,-0.39209133047736505,0.2384211323108616,0.10438530729686792,60,185,true,true,false,Synthetic demonstration only — not a BraTS scientific result.
SYNTH_00502,SYNTH_G0251,A,Full,WT,0.9937888198757764,0.006211180124223614,0.6649120277027254,-0.1230775928649394,0.137578197352355,0.02838299287799874,80,81,true,true,false,Synthetic demonstration only — not a BraTS scientific result.
SYNTH_00502,SYNTH_G0251,A,Full,TC,0.9917355371900827,0.008264462809917328,0.590942390942391,-0.14886834417695874,0.13609368156271137,0.027217948079580303,60,61,true,true,false,Synthetic demonstration only — not a BraTS scientific result.
SYNTH_00502,SYNTH_G0251,A,Full,ET,0.9915966386554622,0.008403361344537785,0.5528095199147831,-0.22830382705076102,0.14090717017961826,0.02994520287597059,60,59,true,true,false,Synthetic demonstration only — not a BraTS scientific result.
SYNTH_00502,SYNTH_G0251,A,-T1,WT,0.8571428571428571,0.1428571428571429,0.3977480642774063,-0.24725805072777696,0.1806411902148435,0.05424095575201219,80,102,true,true,false,Synthetic demonstration only — not a BraTS scientific result.
SYNTH_00502,SYNTH_G0251,A,-T1,TC,0.7837837837837838,0.21621621621621623,0.33715249472785686,-0.27624398841451975,0.18276693020521698,0.055627903438342625,60,88,true,true,false,Synthetic demonstration only — not a BraTS scientific result.
SYNTH_00502,SYNTH_G0251,A,-T1,ET,0.7307692307692307,0.2692307692307693,0.3374385489712249,-0.3896820431348987,0.18310201492427688,0.05765956505417273,60,96,true,true,false,Synthetic demonstration only — not a BraTS scientific result.
SYNTH_00502,SYNTH_G0251,A,-T1c,WT,0.672645739910314,0.32735426008968604,0.3296506519533278,-0.33909360156736784,0.19386781297497274,0.07719188393131277,80,143,true,true,false,Synthetic demonstration only — not a BraTS scientific result.
SYNTH_00502,SYNTH_G0251,A,-T1c,TC,0.5925925925925926,0.40740740740740744,0.3060495310704998,-0.39902902201907536,0.20508792150147462,0.07687011180951771,60,129,true,true,false,Synthetic demonstration only — not a BraTS scientific result.
SYNTH_00502,SYNTH_G0251,A,-T1c,ET,0.5756097560975609,0.42439024390243907,0.3192740905579905,-0.48913654591070904,0.2102017400240649,0.0815053618138131,60,145,true,true,false,Synthetic demonstration only — not a BraTS scientific result.
SYNTH_00502,SYNTH_G0251,A,-T2,WT,0.7939698492462312,0.20603015075376885,0.39586704422869473,-0.2414738131988914,0.17866087606756448,0.056462157871898705,80,119,true,true,false,Synthetic demonstration only — not a BraTS scientific result.
SYNTH_00502,SYNTH_G0251,A,-T2,TC,0.7919463087248322,0.20805369127516782,0.32087466029668865,-0.28125106008009937,0.17679068986890825,0.055938891729282604,60,89,true,true,false,Synthetic demonstration only — not a BraTS scientific result.
SYNTH_00502,SYNTH_G0251,A,-T2,ET,0.7733333333333333,0.22666666666666668,0.3087264156129137,-0.3897187478171034,0.18508877495218987,0.05922297401655558,60,90,true,true,false,Synthetic demonstration only — not a BraTS scientific result.
SYNTH_00502,SYNTH_G0251,A,-FLAIR,WT,0.8540540540540541,0.1459459459459459,0.37494001854256787,-0.23831654172956918,0.1799510724343081,0.057176117924279846,80,105,true,true,false,Synthetic demonstration only — not a BraTS scientific result.
SYNTH_00502,SYNTH_G0251,A,-FLAIR,TC,0.7417218543046358,0.2582781456953642,0.32816658031839807,-0.2872382502248772,0.17917897565293517,0.05935753900441866,60,91,true,true,false,Synthetic demonstration only — not a BraTS scientific result.
SYNTH_00502,SYNTH_G0251,A,-FLAIR,ET,0.7943262411347518,0.2056737588652482,0.32774415972336957,-0.39209133047736505,0.1798801064035366,0.057298677115842994,60,81,true,true,false,Synthetic demonstration only — not a BraTS scientific result.
SYNTH_00503,SYNTH_G0251,A,Full,WT,0.6545454545454545,0.34545454545454546,0.3319055823723735,-0.1230775928649394,0.19646713268113508,0.07740414382645805,80,140,true,true,false,Synthetic demonstration only — not a BraTS scientific result.
SYNTH_00503,SYNTH_G0251,A,Full,TC,0.6206896551724138,0.3793103448275862,0.2961163350733217,-0.14886834417695874,0.20163828486008897,0.07667555619262607,60,114,true,true,false,Synthetic demonstration only — not a BraTS scientific result.
SYNTH_00503,SYNTH_G0251,A,Full,ET,0.6073298429319371,0.39267015706806285,0.3300065558138934,-0.22830382705076102,0.20995090381160475,0.07639387483063355,60,131,true,true,false,Synthetic demonstration only — not a BraTS scientific result.
SYNTH_00503,SYNTH_G0251,A,-T1,WT,0.5179856115107914,0.48201438848920863,0.3146504820278196,-0.24725805072777696,0.22622820891794815,0.10538627533323787,80,198,true,true,false,Synthetic demonstration only — not a BraTS scientific result.
SYNTH_00503,SYNTH_G0251,A,-T1,TC,0.4444444444444444,0.5555555555555556,0.33529438023320113,-0.27624398841451975,0.2383224695935698,0.1043813480611853,60,192,true,true,false,Synthetic demonstration only — not a BraTS scientific result.
SYNTH_00503,SYNTH_G0251,A,-T1,ET,0.43137254901960786,0.5686274509803921,0.3299405719059491,-0.3896820431348987,0.24188853931930981,0.11158609707549541,60,195,true,true,false,Synthetic demonstration only — not a BraTS scientific result.
SYNTH_00503,SYNTH_G0251,A,-T1c,WT,0.4107142857142857,0.5892857142857143,0.3788923544197118,-0.33909360156736784,0.26101317341817776,0.13455450194338464,80,256,true,true,false,Synthetic demonstration only — not a BraTS scientific result.
SYNTH_00503,SYNTH_G0251,A,-T1c,TC,0.3127035830618892,0.6872964169381108,0.31131983261124485,-0.39902902201907536,0.25472067772320134,0.12767941549547562,60,247,true,true,false,Synthetic demonstration only — not a BraTS scientific result.
SYNTH_00503,SYNTH_G0251,A,-T1c,ET,0.3602941176470588,0.6397058823529411,0.31863765606096894,-0.48913654591070904,0.2497225502107136,0.11888294436593265,60,212,true,true,false,Synthetic demonstration only — not a BraTS scientific result.
SYNTH_00503,SYNTH_G0251,A,-T2,WT,0.5154639175257731,0.48453608247422686,0.3409967245826516,-0.2414738131988914,0.2283931966644054,0.10696494307600234,80,211,true,true,false,Synthetic demonstration only — not a BraTS scientific result.
SYNTH_00503,SYNTH_G0251,A,-T2,TC,0.4291497975708502,0.5708502024291497,0.316523896659885,-0.28125106008009937,0.23704149475578884,0.10643072413920267,60,187,true,true,false,Synthetic demonstration only — not a BraTS scientific result.
SYNTH_00503,SYNTH_G0251,A,-T2,ET,0.4453125,0.5546875,0.3383685588746396,-0.3897187478171034,0.23610045381159814,0.10184280046104394,60,196,true,true,false,Synthetic demonstration only — not a BraTS scientific result.
SYNTH_00503,SYNTH_G0251,A,-FLAIR,WT,0.5149253731343284,0.4850746268656716,0.3350410857161018,-0.23831654172956918,0.2257611620884745,0.10400948609276876,80,188,true,true,false,Synthetic demonstration only — not a BraTS scientific result.
SYNTH_00503,SYNTH_G0251,A,-FLAIR,TC,0.4426229508196721,0.5573770491803278,0.3153142573569374,-0.2872382502248772,0.23392035872661332,0.1020651812789207,60,184,true,true,false,Synthetic demonstration only — not a BraTS scientific result.
SYNTH_00503,SYNTH_G0251,A,-FLAIR,ET,0.475,0.525,0.32341568354949507,-0.39209133047736505,0.23416175239642856,0.10045774473630759,60,180,true,true,false,Synthetic demonstration only — not a BraTS scientific result.
SYNTH_00504,SYNTH_G0252,A,Full,WT,1.0,0.0,0.9963116573055203,-0.1230775928649394,0.097876904935959,0.01264995642499348,180,180,true,true,false,Synthetic demonstration only — not a BraTS scientific result.
SYNTH_00504,SYNTH_G0252,A,Full,TC,1.0,0.0,0.9977851605758582,-0.14886834417695874,0.09606081933428924,0.012518562196642723,150,150,true,true,false,Synthetic demonstration only — not a BraTS scientific result.
SYNTH_00504,SYNTH_G0252,A,Full,ET,1.0,0.0,0.0,-0.22830382705076102,,,0,0,true,true,false,Synthetic demonstration only — not a BraTS scientific result.
SYNTH_00504,SYNTH_G0252,A,-T1,WT,0.9917355371900827,0.008264462809917328,0.7585241349198011,-0.24725805072777696,0.14076545004116287,0.03066680622708856,180,183,true,true,false,Synthetic demonstration only — not a BraTS scientific result.
SYNTH_00504,SYNTH_G0252,A,-T1,TC,0.9933774834437086,0.0066225165562914245,0.717573119265413,-0.27624398841451975,0.14491825415409013,0.03154988146540846,150,152,true,true,false,Synthetic demonstration only — not a BraTS scientific result.
SYNTH_00504,SYNTH_G0252,A,-T1,ET,0.0,1.0,0.03567725940951093,-0.3896820431348987,0.14480601263337534,0.03205710546144345,0,2,true,true,false,Synthetic demonstration only — not a BraTS scientific result.
SYNTH_00504,SYNTH_G0252,A,-T1c,WT,0.9393139841688655,0.06068601583113453,0.5919441334284417,-0.33909360156736784,0.1624258520822835,0.05109842508607975,180,199,true,true,false,Synthetic demonstration only — not a BraTS scientific result.
SYNTH_00504,SYNTH_G0252,A,-T1c,TC,0.9290322580645162,0.07096774193548383,0.512973951523685,-0.39902902201907536,0.16658771413750104,0.0517486121245681,150,160,true,true,false,Synthetic demonstration only — not a BraTS scientific result.
SYNTH_00504,SYNTH_G0252,A,-T1c,ET,0.0,1.0,0.07964619359968197,-0.48913654591070904,0.18602569504000355,0.05212135672825044,0,19,true,true,false,Synthetic demonstration only — not a BraTS scientific result.
SYNTH_00504,SYNTH_G0252,A,-T2,WT,1.0,0.0,0.7264873917534982,-0.2414738131988914,0.1491085234642541,0.03275872875267704,180,180,true,true,false,Synthetic demonstration only — not a BraTS scientific result.
SYNTH_00504,SYNTH_G0252,A,-T2,TC,0.9966777408637874,0.0033222591362126463,0.7201949287455862,-0.28125106008009937,0.13470674109250824,0.02830417869107582,150,151,true,true,false,Synthetic demonstration only — not a BraTS scientific result.
SYNTH_00504,SYNTH_G0252,A,-T2,ET,0.0,1.0,0.0829529947177006,-0.3897187478171034,0.15011450064972648,0.03362045719432412,0,2,true,true,false,Synthetic demonstration only — not a BraTS scientific result.
SYNTH_00504,SYNTH_G0252,A,-FLAIR,WT,0.9917355371900827,0.008264462809917328,0.7638873141492248,-0.23831654172956918,0.1371640365065232,0.02967941868096747,180,183,true,true,false,Synthetic demonstration only — not a BraTS scientific result.
SYNTH_00504,SYNTH_G0252,A,-FLAIR,TC,0.9900990099009901,0.00990099009900991,0.726075086664899,-0.2872382502248772,0.1427327771252158,0.03181111097484885,150,153,true,true,false,Synthetic demonstration only — not a BraTS scientific result.
SYNTH_00504,SYNTH_G0252,A,-FLAIR,ET,0.0,1.0,0.055940113976625135,-0.39209133047736505,0.14162003523222175,0.031535137194479854,0,5,true,true,false,Synthetic demonstration only — not a BraTS scientific result.
SYNTH_00505,SYNTH_G0252,A,Full,WT,0.9649805447470817,0.035019455252918275,0.5747635995657104,-0.1230775928649394,0.15412684025473816,0.040241783043346135,125,132,true,true,false,Synthetic demonstration only — not a BraTS scientific result.
SYNTH_00505,SYNTH_G0252,A,Full,TC,0.9705882352941176,0.02941176470588236,0.5090607562097006,-0.14886834417695874,0.16496228004575306,0.040782439131228775,100,104,true,true,false,Synthetic demonstration only — not a BraTS scientific result.
SYNTH_00505,SYNTH_G0252,A,Full,ET,0.9565217391304348,0.04347826086956519,0.5436714455861574,-0.22830382705076102,0.14959472421346412,0.038509218338052154,100,107,true,true,false,Synthetic demonstration only — not a BraTS scientific result.
SYNTH_00505,SYNTH_G0252,A,-T1,WT,0.821917808219178,0.17808219178082196,0.41179549627364076,-0.24725805072777696,0.17914175334028082,0.06873296965722163,125,167,true,true,false,Synthetic demonstration only — not a BraTS scientific result.
SYNTH_00505,SYNTH_G0252,A,-T1,TC,0.7886178861788617,0.21138211382113825,0.39547030985316706,-0.27624398841451975,0.19138684279872506,0.06642617883476264,100,146,true,true,false,Synthetic demonstration only — not a BraTS scientific result.
SYNTH_00505,SYNTH_G0252,A,-T1,ET,0.766798418972332,0.23320158102766797,0.373643484643033,-0.3896820431348987,0.18748694395012727,0.06874731475234609,100,153,true,true,false,Synthetic demonstration only — not a BraTS scientific result.
SYNTH_00505,SYNTH_G0252,A,-T1c,WT,0.6458923512747875,0.3541076487252125,0.4034417772975198,-0.33909360156736784,0.19783982970641775,0.09364683680284473,125,228,true,true,false,Synthetic demonstration only — not a BraTS scientific result.
SYNTH_00505,SYNTH_G0252,A,-T1c,TC,0.5993265993265994,0.4006734006734006,0.38093282022455716,-0.39902902201907536,0.20753291355425735,0.09490058955187633,100,197,true,true,false,Synthetic demonstration only — not a BraTS scientific result.
SYNTH_00505,SYNTH_G0252,A,-T1c,ET,0.6505190311418685,0.3494809688581315,0.38296707633731947,-0.48913654591070904,0.20384903377411473,0.08779942515351792,100,189,true,true,false,Synthetic demonstration only — not a BraTS scientific result.
SYNTH_00505,SYNTH_G0252,A,-T2,WT,0.7702265372168284,0.22977346278317157,0.44959857991360463,-0.2414738131988914,0.19034820514063774,0.0711613668784646,125,184,true,true,false,Synthetic demonstration only — not a BraTS scientific result.
SYNTH_00505,SYNTH_G0252,A,-T2,TC,0.7857142857142857,0.2142857142857143,0.4189452000831411,-0.28125106008009937,0.19019850358692109,0.06933029234702788,100,152,true,true,false,Synthetic demonstration only — not a BraTS scientific result.
SYNTH_00505,SYNTH_G0252,A,-T2,ET,0.8220338983050848,0.17796610169491522,0.3982162324146968,-0.3897187478171034,0.1766723502922498,0.061533046186767956,100,136,true,true,false,Synthetic demonstration only — not a BraTS scientific result.
SYNTH_00505,SYNTH_G0252,A,-FLAIR,WT,0.8079470198675497,0.1920529801324503,0.4307421872981923,-0.23831654172956918,0.18861932655452682,0.0669446421988363,125,177,true,true,false,Synthetic demonstration only — not a BraTS scientific result.
SYNTH_00505,SYNTH_G0252,A,-FLAIR,TC,0.7729083665338645,0.22709163346613548,0.38651846473488527,-0.2872382502248772,0.18954997989115,0.06797251321532422,100,151,true,true,false,Synthetic demonstration only — not a BraTS scientific result.
SYNTH_00505,SYNTH_G0252,A,-FLAIR,ET,0.7777777777777778,0.2222222222222222,0.3754833740805216,-0.39209133047736505,0.18724614146194532,0.06662791039172464,100,152,true,true,false,Synthetic demonstration only — not a BraTS scientific result.
SYNTH_00506,SYNTH_G0253,A,Full,WT,1.0,0.0,0.7904098738242213,-0.1230775928649394,0.12176605643647967,0.022092995312296977,80,80,true,true,false,Synthetic demonstration only — not a BraTS scientific result.
SYNTH_00506,SYNTH_G0253,A,Full,TC,0.9917355371900827,0.008264462809917328,0.7219576960712683,-0.14886834417695874,0.12821403227416453,0.024730322028092208,60,61,true,true,false,Synthetic demonstration only — not a BraTS scientific result.
SYNTH_00506,SYNTH_G0253,A,Full,ET,1.0,0.0,0.68925860464322,-0.22830382705076102,0.1287463197912002,0.02369657348013508,60,60,true,true,false,Synthetic demonstration only — not a BraTS scientific result.
SYNTH_00506,SYNTH_G0253,A,-T1,WT,0.8729281767955801,0.1270718232044199,0.4304852518992895,-0.24725805072777696,0.1792074032525655,0.053338173781667886,80,101,true,true,false,Synthetic demonstration only — not a BraTS scientific result.
SYNTH_00506,SYNTH_G0253,A,-T1,TC,0.8759124087591241,0.12408759124087587,0.35216189248403995,-0.27624398841451975,0.1683542730553087,0.04657995069275193,60,77,true,true,false,Synthetic demonstration only — not a BraTS scientific result.
SYNTH_00506,SYNTH_G0253,A,-T1,ET,0.8053691275167785,0.19463087248322153,0.36995769790432503,-0.3896820431348987,0.16997711183511063,0.04844467221721898,60,89,true,true,false,Synthetic demonstration only — not a BraTS scientific result.
SYNTH_00506,SYNTH_G0253,A,-T1c,WT,0.7487684729064039,0.2512315270935961,0.3507973538696205,-0.33909360156736784,0.1809433673288207,0.06659440277285354,80,123,true,true,false,Synthetic demonstration only — not a BraTS scientific result.
SYNTH_00506,SYNTH_G0253,A,-T1c,TC,0.6428571428571429,0.3571428571428571,0.2900483582504211,-0.39902902201907536,0.20366006119063831,0.07598451108403051,60,108,true,true,false,Synthetic demonstration only — not a BraTS scientific result.
SYNTH_00506,SYNTH_G0253,A,-T1c,ET,0.6368715083798883,0.36312849162011174,0.313988182675776,-0.48913654591070904,0.20406247176744916,0.0743796326317442,60,119,true,true,false,Synthetic demonstration only — not a BraTS scientific result.
SYNTH_00506,SYNTH_G0253,A,-T2,WT,0.9176470588235294,0.08235294117647063,0.37953788783616266,-0.2414738131988914,0.1579713244201053,0.0458285676161809,80,90,true,true,false,Synthetic demonstration only — not a BraTS scientific result.
SYNTH_00506,SYNTH_G0253,A,-T2,TC,0.851063829787234,0.14893617021276595,0.32476966958032877,-0.28125106008009937,0.1737247487973857,0.0496887144428524,60,81,true,true,false,Synthetic demonstration only — not a BraTS scientific result.
SYNTH_00506,SYNTH_G0253,A,-T2,ET,0.8676470588235294,0.13235294117647056,0.34448171533806893,-0.3897187478171034,0.16871426864148498,0.04807310300946899,60,76,true,true,false,Synthetic demonstration only — not a BraTS scientific result.
SYNTH_00506,SYNTH_G0253,A,-FLAIR,WT,0.88268156424581,0.11731843575418999,0.43785380474311525,-0.23831654172956918,0.16347915332488133,0.04722635389465741,80,99,true,true,false,Synthetic demonstration only — not a BraTS scientific result.
SYNTH_00506,SYNTH_G0253,A,-FLAIR,TC,0.8450704225352113,0.15492957746478875,0.35254329004329005,-0.2872382502248772,0.17761891488359732,0.04921626917127064,60,82,true,true,false,Synthetic demonstration only — not a BraTS scientific result.
SYNTH_00506,SYNTH_G0253,A,-FLAIR,ET,0.8405797101449275,0.1594202898550725,0.37950427808681275,-0.39209133047736505,0.17103408731727035,0.0489564844119544,60,78,true,true,false,Synthetic demonstration only — not a BraTS scientific result.
SYNTH_00507,SYNTH_G0253,A,Full,WT,0.9144981412639405,0.08550185873605953,0.47911315737402693,-0.1230775928649394,0.17373537590239552,0.05268377420776278,125,144,true,true,false,Synthetic demonstration only — not a BraTS scientific result.
SYNTH_00507,SYNTH_G0253,A,Full,TC,0.9245283018867925,0.07547169811320753,0.4599416682858393,-0.14886834417695874,0.17106055542904217,0.04922082206575857,100,112,true,true,false,Synthetic demonstration only — not a BraTS scientific result.
SYNTH_00507,SYNTH_G0253,A,Full,ET,0.9383886255924171,0.06161137440758291,0.4564029725603969,-0.22830382705076102,0.17286084361528495,0.04835320993004344,100,111,true,true,false,Synthetic demonstration only — not a BraTS scientific result.
SYNTH_00507,SYNTH_G0253,A,-T1,WT,0.75,0.25,0.4285800272458111,-0.24725805072777696,0.18925768112578634,0.07638319233760044,125,187,true,true,false,Synthetic demonstration only — not a BraTS scientific result.
SYNTH_00507,SYNTH_G0253,A,-T1,TC,0.7432950191570882,0.2567049808429118,0.3746830609100315,-0.27624398841451975,0.18901396405039605,0.07468828067243455,100,161,true,true,false,Synthetic demonstration only — not a BraTS scientific result.
SYNTH_00507,SYNTH_G0253,A,-T1,ET,0.7230769230769231,0.27692307692307694,0.377238482806911,-0.3896820431348987,0.20267895223372578,0.07746385373958424,100,160,true,true,false,Synthetic demonstration only — not a BraTS scientific result.
SYNTH_00507,SYNTH_G0253,A,-T1c,WT,0.6379310344827587,0.3620689655172413,0.378970095513709,-0.33909360156736784,0.20870896448276552,0.10248585220793638,125,223,true,true,false,Synthetic demonstration only — not a BraTS scientific result.
SYNTH_00507,SYNTH_G0253,A,-T1c,TC,0.6237288135593221,0.3762711864406779,0.35383910514258193,-0.39902902201907536,0.21265962507760758,0.09905979022795142,100,195,true,true,false,Synthetic demonstration only — not a BraTS scientific result.
SYNTH_00507,SYNTH_G0253,A,-T1c,ET,0.5906040268456376,0.4093959731543624,0.3411421331524816,-0.48913654591070904,0.20749095914260984,0.09627158073167795,100,198,true,true,false,Synthetic demonstration only — not a BraTS scientific result.
SYNTH_00507,SYNTH_G0253,A,-T2,WT,0.7335423197492164,0.26645768025078365,0.43959618377034837,-0.2414738131988914,0.18467185954002405,0.07827724525471504,125,194,true,true,false,Synthetic demonstration only — not a BraTS scientific result.
SYNTH_00507,SYNTH_G0253,A,-T2,TC,0.7237354085603113,0.27626459143968873,0.3580441095110902,-0.28125106008009937,0.1874152824142445,0.0753236393200426,100,157,true,true,false,Synthetic demonstration only — not a BraTS scientific result.
SYNTH_00507,SYNTH_G0253,A,-T2,ET,0.7,0.30000000000000004,0.39132190594876326,-0.3897187478171034,0.1885865383951564,0.07712443873519753,100,160,true,true,false,Synthetic demonstration only — not a BraTS scientific result.
SYNTH_00507,SYNTH_G0253,A,-FLAIR,WT,0.7702265372168284,0.22977346278317157,0.40538858150705614,-0.23831654172956918,0.19332348004069147,0.07595730443363129,125,184,true,true,false,Synthetic demonstration only — not a BraTS scientific result.
SYNTH_00507,SYNTH_G0253,A,-FLAIR,TC,0.7380952380952381,0.26190476190476186,0.3607351932144995,-0.2872382502248772,0.19234964798416745,0.07610081839037613,100,152,true,true,false,Synthetic demonstration only — not a BraTS scientific result.
SYNTH_00507,SYNTH_G0253,A,-FLAIR,ET,0.7137254901960784,0.28627450980392155,0.37144839689139436,-0.39209133047736505,0.1971450562094002,0.07545137781935295,100,155,true,true,false,Synthetic demonstration only — not a BraTS scientific result.
SYNTH_00508,SYNTH_G0254,A,Full,WT,0.8571428571428571,0.1428571428571429,0.4856381243275138,-0.1230775928649394,0.17678082095696332,0.0677538735971846,180,219,true,true,false,Synthetic demonstration only — not a BraTS scientific result.
SYNTH_00508,SYNTH_G0254,A,Full,TC,0.8528528528528528,0.14714714714714716,0.4373736123148034,-0.14886834417695874,0.1858886223277752,0.06852087294130303,150,183,true,true,false,Synthetic demonstration only — not a BraTS scientific result.
SYNTH_00508,SYNTH_G0254,A,Full,ET,0.8255813953488372,0.17441860465116277,0.4934594315005501,-0.22830382705076102,0.17196059675586298,0.06574458382583914,150,194,true,true,false,Synthetic demonstration only — not a BraTS scientific result.
SYNTH_00508,SYNTH_G0254,A,-T1,WT,0.7442922374429224,0.2557077625570776,0.4359269413692341,-0.24725805072777696,0.17872324660214386,0.09231089114232327,180,258,true,true,false,Synthetic demonstration only — not a BraTS scientific result.
SYNTH_00508,SYNTH_G0254,A,-T1,TC,0.6409638554216868,0.35903614457831323,0.4297519742988002,-0.27624398841451975,0.1934542893352753,0.10289551667200988,150,265,true,true,false,Synthetic demonstration only — not a BraTS scientific result.
SYNTH_00508,SYNTH_G0254,A,-T1,ET,0.7068062827225131,0.2931937172774869,0.42666552598542634,-0.3896820431348987,0.18981292830512256,0.09178490741307105,150,232,true,true,false,Synthetic demonstration only — not a BraTS scientific result.
SYNTH_00508,SYNTH_G0254,A,-T1c,WT,0.6205450733752621,0.3794549266247379,0.422975257292031,-0.33909360156736784,0.19773831758165117,0.12442923799197869,180,297,true,true,false,Synthetic demonstration only — not a BraTS scientific result.
SYNTH_00508,SYNTH_G0254,A,-T1c,TC,0.5918854415274463,0.40811455847255373,0.41010495933526275,-0.39902902201907536,0.19908728661802244,0.11680057950363675,150,269,true,true,false,Synthetic demonstration only — not a BraTS scientific result.
SYNTH_00508,SYNTH_G0254,A,-T1c,ET,0.6018518518518519,0.39814814814814814,0.41360140659429695,-0.48913654591070904,0.20709874613243703,0.11904268893472694,150,282,true,true,false,Synthetic demonstration only — not a BraTS scientific result.
SYNTH_00508,SYNTH_G0254,A,-T2,WT,0.7216035634743875,0.2783964365256125,0.42892059445655106,-0.2414738131988914,0.17975203270820356,0.09949163610989882,180,269,true,true,false,Synthetic demonstration only — not a BraTS scientific result.
SYNTH_00508,SYNTH_G0254,A,-T2,TC,0.6892950391644909,0.31070496083550914,0.3996472476083574,-0.28125106008009937,0.19712343068711236,0.09945191131763023,150,233,true,true,false,Synthetic demonstration only — not a BraTS scientific result.
SYNTH_00508,SYNTH_G0254,A,-T2,ET,0.708994708994709,0.29100529100529104,0.40156932716202054,-0.3897187478171034,0.19055699521231878,0.09442313256526763,150,228,true,true,false,Synthetic demonstration only — not a BraTS scientific result.
SYNTH_00508,SYNTH_G0254,A,-FLAIR,WT,0.7133182844243793,0.2866817155756207,0.44456326543842234,-0.23831654172956918,0.18537064876365317,0.0999406718568679,180,263,true,true,false,Synthetic demonstration only — not a BraTS scientific result.
SYNTH_00508,SYNTH_G0254,A,-FLAIR,TC,0.6894736842105263,0.31052631578947365,0.42323125613008117,-0.2872382502248772,0.18797267451211355,0.09780158989821867,150,230,true,true,false,Synthetic demonstration only — not a BraTS scientific result.
SYNTH_00508,SYNTH_G0254,A,-FLAIR,ET,0.6580976863753213,0.3419023136246787,0.39948313945319525,-0.39209133047736505,0.19259199992217435,0.10112511061907403,150,239,true,true,false,Synthetic demonstration only — not a BraTS scientific result.
SYNTH_00509,SYNTH_G0254,A,Full,WT,0.9425287356321839,0.05747126436781613,0.5294248620538706,-0.1230775928649394,0.16544134535368543,0.04797803472080695,125,136,true,true,false,Synthetic demonstration only — not a BraTS scientific result.
SYNTH_00509,SYNTH_G0254,A,Full,TC,0.9259259259259259,0.07407407407407407,0.4686733541100329,-0.14886834417695874,0.16306093019658593,0.046973531741307695,100,116,true,true,false,Synthetic demonstration only — not a BraTS scientific result.
SYNTH_00509,SYNTH_G0254,A,Full,ET,0.9339622641509434,0.06603773584905659,0.4411571271494955,-0.22830382705076102,0.1680504690633285,0.048303017586915846,100,112,true,true,false,Synthetic demonstration only — not a BraTS scientific result.
SYNTH_00509,SYNTH_G0254,A,-T1,WT,0.7581699346405228,0.24183006535947715,0.4085964495422799,-0.24725805072777696,0.18554003098252503,0.07733317309083368,125,181,true,true,false,Synthetic demonstration only — not a BraTS scientific result.
SYNTH_00509,SYNTH_G0254,A,-T1,TC,0.7364341085271318,0.26356589147286824,0.3592209498966533,-0.27624398841451975,0.19441999017754522,0.07241047905188024,100,158,true,true,false,Synthetic demonstration only — not a BraTS scientific result.
SYNTH_00509,SYNTH_G0254,A,-T1,ET,0.7218045112781954,0.27819548872180455,0.37711980679631874,-0.3896820431348987,0.19719060908426725,0.07704908595784596,100,166,true,true,false,Synthetic demonstration only — not a BraTS scientific result.
SYNTH_00509,SYNTH_G0254,A,-T1c,WT,0.5804749340369393,0.4195250659630607,0.4031603820593218,-0.33909360156736784,0.2140833028062793,0.10757480746187513,125,254,true,true,false,Synthetic demonstration only — not a BraTS scientific result.
SYNTH_00509,SYNTH_G0254,A,-T1c,TC,0.5617283950617284,0.43827160493827155,0.36824968292515187,-0.39902902201907536,0.22065263626089765,0.10586670521294125,100,224,true,true,false,Synthetic demonstration only — not a BraTS scientific result.
SYNTH_00509,SYNTH_G0254,A,-T1c,ET,0.5844155844155844,0.4155844155844156,0.35881731673721695,-0.48913654591070904,0.21668555119209837,0.10113481042046568,100,208,true,true,false,Synthetic demonstration only — not a BraTS scientific result.
SYNTH_00509,SYNTH_G0254,A,-T2,WT,0.75,0.25,0.38980330328810053,-0.2414738131988914,0.19303148375139553,0.07865158261401788,125,187,true,true,false,Synthetic demonstration only — not a BraTS scientific result.
SYNTH_00509,SYNTH_G0254,A,-T2,TC,0.6762589928057554,0.3237410071942446,0.3689559377758425,-0.28125106008009937,0.1976889457626473,0.08204277156562148,100,178,true,true,false,Synthetic demonstration only — not a BraTS scientific result.
SYNTH_00509,SYNTH_G0254,A,-T2,ET,0.7058823529411765,0.2941176470588235,0.36984197951807385,-0.3897187478171034,0.18866855043336747,0.07511015786701301,100,155,true,true,false,Synthetic demonstration only — not a BraTS scientific result.
SYNTH_00509,SYNTH_G0254,A,-FLAIR,WT,0.7663551401869159,0.23364485981308414,0.4282980266687678,-0.23831654172956918,0.19417275397491682,0.07822233723229403,125,196,true,true,false,Synthetic demonstration only — not a BraTS scientific result.
SYNTH_00509,SYNTH_G0254,A,-FLAIR,TC,0.7137254901960784,0.28627450980392155,0.3657553046607366,-0.2872382502248772,0.19821364532330657,0.07726106147847756,100,155,true,true,false,Synthetic demonstration only — not a BraTS scientific result.
SYNTH_00509,SYNTH_G0254,A,-FLAIR,ET,0.6973180076628352,0.30268199233716475,0.3893690517586654,-0.39209133047736505,0.1918025023636722,0.07877832858436473,100,161,true,true,false,Synthetic demonstration only — not a BraTS scientific result.
SYNTH_00510,SYNTH_G0255,A,Full,WT,0.8383838383838383,0.16161616161616166,0.4794380290434816,-0.1230775928649394,0.178522057742168,0.07522379661066195,180,216,true,true,false,Synthetic demonstration only — not a BraTS scientific result.
SYNTH_00510,SYNTH_G0255,A,Full,TC,0.7868852459016393,0.21311475409836067,0.4444224794023181,-0.14886834417695874,0.18720069323035762,0.0777357432798871,150,216,true,true,false,Synthetic demonstration only — not a BraTS scientific result.
SYNTH_00510,SYNTH_G0255,A,Full,ET,0.8205128205128205,0.17948717948717952,0.43888786974805605,-0.22830382705076102,0.17578646571127143,0.07493235549086552,150,201,true,true,false,Synthetic demonstration only — not a BraTS scientific result.
SYNTH_00510,SYNTH_G0255,A,-T1,WT,0.7264150943396226,0.2735849056603774,0.4213355525647564,-0.24725805072777696,0.1765327867886964,0.09567448308228459,180,244,true,true,false,Synthetic demonstration only — not a BraTS scientific result.
SYNTH_00510,SYNTH_G0255,A,-T1,TC,0.6582278481012658,0.3417721518987342,0.3816796055094132,-0.27624398841451975,0.19457992119371031,0.10440027170800986,150,245,true,true,false,Synthetic demonstration only — not a BraTS scientific result.
SYNTH_00510,SYNTH_G0255,A,-T1,ET,0.6633165829145728,0.33668341708542715,0.4032903797501047,-0.3896820431348987,0.1984806955517544,0.1010608496859939,150,248,true,true,false,Synthetic demonstration only — not a BraTS scientific result.
SYNTH_00510,SYNTH_G0255,A,-T1c,WT,0.6232179226069247,0.37678207739307534,0.42613371519128257,-0.33909360156736784,0.20142836332929118,0.12747829320121795,180,311,true,true,false,Synthetic demonstration only — not a BraTS scientific result.
SYNTH_00510,SYNTH_G0255,A,-T1c,TC,0.5980861244019139,0.4019138755980861,0.3982510208291399,-0.39902902201907536,0.19911802967482115,0.11555367461209526,150,268,true,true,false,Synthetic demonstration only — not a BraTS scientific result.
SYNTH_00510,SYNTH_G0255,A,-T1c,ET,0.6118721461187214,0.3881278538812786,0.42745843704043957,-0.48913654591070904,0.2107271437918017,0.11814387494096786,150,288,true,true,false,Synthetic demonstration only — not a BraTS scientific result.
SYNTH_00510,SYNTH_G0255,A,-T2,WT,0.7142857142857143,0.2857142857142857,0.4439660030975349,-0.2414738131988914,0.19101522142258623,0.10230538069563193,180,282,true,true,false,Synthetic demonstration only — not a BraTS scientific result.
SYNTH_00510,SYNTH_G0255,A,-T2,TC,0.68,0.31999999999999995,0.420959491085401,-0.28125106008009937,0.19677779343894344,0.0990922829516055,150,250,true,true,false,Synthetic demonstration only — not a BraTS scientific result.
SYNTH_00510,SYNTH_G0255,A,-T2,ET,0.6335697399527187,0.3664302600472813,0.4603604243629819,-0.3897187478171034,0.19894958354829362,0.10714803320541666,150,273,true,true,false,Synthetic demonstration only — not a BraTS scientific result.
SYNTH_00510,SYNTH_G0255,A,-FLAIR,WT,0.6965811965811965,0.30341880341880345,0.46068816684632763,-0.23831654172956918,0.19133377674087473,0.10560012136037303,180,288,true,true,false,Synthetic demonstration only — not a BraTS scientific result.
SYNTH_00510,SYNTH_G0255,A,-FLAIR,TC,0.6531645569620254,0.34683544303797464,0.419900250408725,-0.2872382502248772,0.19884107402645484,0.10471888743177032,150,245,true,true,false,Synthetic demonstration only — not a BraTS scientific result.
SYNTH_00510,SYNTH_G0255,A,-FLAIR,ET,0.6717557251908397,0.3282442748091603,0.3978249379720587,-0.39209133047736505,0.19331341844836442,0.1020867455434555,150,243,true,true,false,Synthetic demonstration only — not a BraTS scientific result.
SYNTH_00511,SYNTH_G0255,A,Full,WT,0.7295597484276729,0.2704402515723271,0.38544272730804047,-0.1230775928649394,0.1897170431419317,0.08351848140781622,125,193,true,true,false,Synthetic demonstration only — not a BraTS scientific result.
SYNTH_00511,SYNTH_G0255,A,Full,TC,0.647887323943662,0.352112676056338,0.3819766259135691,-0.14886834417695874,0.19566897323664575,0.08551971907315296,100,184,true,true,false,Synthetic demonstration only — not a BraTS scientific result.
SYNTH_00511,SYNTH_G0255,A,Full,ET,0.7450980392156863,0.2549019607843137,0.3957279270435512,-0.22830382705076102,0.19011583553503617,0.07766054342006978,100,155,true,true,false,Synthetic demonstration only — not a BraTS scientific result.
SYNTH_00511,SYNTH_G0255,A,-T1,WT,0.5636856368563685,0.4363143631436315,0.3855767795783178,-0.24725805072777696,0.20929729302767763,0.11365776451444187,125,244,true,true,false,Synthetic demonstration only — not a BraTS scientific result.
SYNTH_00511,SYNTH_G0255,A,-T1,TC,0.5209580838323353,0.47904191616766467,0.3732481950590696,-0.27624398841451975,0.2286265727101907,0.11014929860012836,100,234,true,true,false,Synthetic demonstration only — not a BraTS scientific result.
SYNTH_00511,SYNTH_G0255,A,-T1,ET,0.5325077399380805,0.46749226006191946,0.3553816406290567,-0.3896820431348987,0.21961794044414595,0.11110551910157161,100,223,true,true,false,Synthetic demonstration only — not a BraTS scientific result.
SYNTH_00511,SYNTH_G0255,A,-T1c,WT,0.5552699228791774,0.4447300771208226,0.3907304526430185,-0.33909360156736784,0.2306668473570425,0.125303005206647,125,264,true,true,false,Synthetic demonstration only — not a BraTS scientific result.
SYNTH_00511,SYNTH_G0255,A,-T1c,TC,0.44041450777202074,0.5595854922279793,0.371721037832854,-0.39902902201907536,0.24508036531753738,0.13241766518536358,100,286,true,true,false,Synthetic demonstration only — not a BraTS scientific result.
SYNTH_00511,SYNTH_G0255,A,-T1c,ET,0.45454545454545453,0.5454545454545454,0.3733753328905278,-0.48913654591070904,0.24952579098923405,0.13147567108197367,100,274,true,true,false,Synthetic demonstration only — not a BraTS scientific result.
SYNTH_00511,SYNTH_G0255,A,-T2,WT,0.5655526992287918,0.4344473007712082,0.39903942619178506,-0.2414738131988914,0.21660864004739316,0.11405027124495645,125,264,true,true,false,Synthetic demonstration only — not a BraTS scientific result.
SYNTH_00511,SYNTH_G0255,A,-T2,TC,0.5506329113924051,0.4493670886075949,0.3519041696280502,-0.28125106008009937,0.22489491484329943,0.1097999351954229,100,216,true,true,false,Synthetic demonstration only — not a BraTS scientific result.
SYNTH_00511,SYNTH_G0255,A,-T2,ET,0.5623003194888179,0.43769968051118213,0.35271206675748307,-0.3897187478171034,0.21692440155513598,0.10385456149555947,100,213,true,true,false,Synthetic demonstration only — not a BraTS scientific result.
SYNTH_00511,SYNTH_G0255,A,-FLAIR,WT,0.5623342175066313,0.43766578249336874,0.38874264844255624,-0.23831654172956918,0.21750622731810332,0.11486694883867085,125,252,true,true,false,Synthetic demonstration only — not a BraTS scientific result.
SYNTH_00511,SYNTH_G0255,A,-FLAIR,TC,0.5678233438485805,0.43217665615141954,0.352047846251199,-0.2872382502248772,0.22274953469165362,0.10586687937287399,100,217,true,true,false,Synthetic demonstration only — not a BraTS scientific result.
SYNTH_00511,SYNTH_G0255,A,-FLAIR,ET,0.5620915032679739,0.43790849673202614,0.3675010837991281,-0.39209133047736505,0.2209625621864259,0.10680756359999494,100,206,true,true,false,Synthetic demonstration only — not a BraTS scientific result.
SYNTH_00512,SYNTH_G0256,A,Full,WT,0.9433962264150944,0.05660377358490565,0.6187377481514469,-0.1230775928649394,0.15029946497162475,0.044208728527004325,180,191,true,true,false,Synthetic demonstration only — not a BraTS scientific result.
SYNTH_00512,SYNTH_G0256,A,Full,TC,0.9456869009584664,0.054313099041533586,0.5540698268058523,-0.14886834417695874,0.15903249800789687,0.04859545881047015,150,163,true,true,false,Synthetic demonstration only — not a BraTS scientific result.
SYNTH_00512,SYNTH_G0256,A,Full,ET,0.9483870967741935,0.05161290322580647,0.5514999350508016,-0.22830382705076102,0.16293266928617434,0.04706314062286181,150,160,true,true,false,Synthetic demonstration only — not a BraTS scientific result.
SYNTH_00512,SYNTH_G0256,A,-T1,WT,0.8557213930348259,0.14427860696517414,0.47669640983795675,-0.24725805072777696,0.17299865039356885,0.0711299353777663,180,222,true,true,false,Synthetic demonstration only — not a BraTS scientific result.
SYNTH_00512,SYNTH_G0256,A,-T1,TC,0.8255813953488372,0.17441860465116277,0.4469255861072817,-0.27624398841451975,0.18698085587045937,0.07341274770703768,150,194,true,true,false,Synthetic demonstration only — not a BraTS scientific result.
SYNTH_00512,SYNTH_G0256,A,-T1,ET,0.8123249299719888,0.1876750700280112,0.4645635806832263,-0.3896820431348987,0.1956605585313314,0.07530185420796043,150,207,true,true,false,Synthetic demonstration only — not a BraTS scientific result.
SYNTH_00512,SYNTH_G0256,A,-T1c,WT,0.6970387243735763,0.3029612756264237,0.42505593172420547,-0.33909360156736784,0.17992139775174268,0.10240214664256489,180,259,true,true,false,Synthetic demonstration only — not a BraTS scientific result.
SYNTH_00512,SYNTH_G0256,A,-T1c,TC,0.681704260651629,0.31829573934837097,0.41910220282075766,-0.39902902201907536,0.19866270853059276,0.09979878844811105,150,249,true,true,false,Synthetic demonstration only — not a BraTS scientific result.
SYNTH_00512,SYNTH_G0256,A,-T1c,ET,0.6683168316831684,0.33168316831683164,0.4106095307727401,-0.48913654591070904,0.19496329677943752,0.10095661116573439,150,254,true,true,false,Synthetic demonstration only — not a BraTS scientific result.
SYNTH_00512,SYNTH_G0256,A,-T2,WT,0.8164251207729468,0.18357487922705318,0.49201923635846617,-0.2414738131988914,0.17386529152958113,0.0731780577253175,180,234,true,true,false,Synthetic demonstration only — not a BraTS scientific result.
SYNTH_00512,SYNTH_G0256,A,-T2,TC,0.7909604519774012,0.20903954802259883,0.4533000380736476,-0.28125106008009937,0.18327365876627683,0.07430087218931004,150,204,true,true,false,Synthetic demonstration only — not a BraTS scientific result.
SYNTH_00512,SYNTH_G0256,A,-T2,ET,0.7828571428571428,0.2171428571428572,0.45802321687065267,-0.3897187478171034,0.1821750960649398,0.07653681709025645,150,200,true,true,false,Synthetic demonstration only — not a BraTS scientific result.
SYNTH_00512,SYNTH_G0256,A,-FLAIR,WT,0.7905882352941176,0.2094117647058824,0.4665490926203116,-0.23831654172956918,0.17597960424639797,0.07936974666276041,180,245,true,true,false,Synthetic demonstration only — not a BraTS scientific result.
SYNTH_00512,SYNTH_G0256,A,-FLAIR,TC,0.8218390804597702,0.17816091954022983,0.4291539637806233,-0.2872382502248772,0.17656948336518039,0.0743709671248694,150,198,true,true,false,Synthetic demonstration only — not a BraTS scientific result.
SYNTH_00512,SYNTH_G0256,A,-FLAIR,ET,0.7541899441340782,0.24581005586592175,0.43143778165191937,-0.39209133047736505,0.18148216086243166,0.08009250884650666,150,208,true,true,false,Synthetic demonstration only — not a BraTS scientific result.
SYNTH_00513,SYNTH_G0256,A,Full,WT,1.0,0.0,0.9519984700707592,-0.1230775928649394,0.10916535367512763,0.016259799672157137,80,80,true,true,false,Synthetic demonstration only — not a BraTS scientific result.
SYNTH_00513,SYNTH_G0256,A,Full,TC,1.0,0.0,0.9783624095905049,-0.14886834417695874,0.1095799645930305,0.0162826693139565,60,60,true,true,false,Synthetic demonstration only — not a BraTS scientific result.
SYNTH_00513,SYNTH_G0256,A,Full,ET,1.0,0.0,0.0,-0.22830382705076102,,,0,0,true,true,false,Synthetic demonstration only — not a BraTS scientific result.
SYNTH_00513,SYNTH_G0256,A,-T1,WT,0.9404761904761905,0.059523809523809534,0.4993338298882725,-0.24725805072777696,0.1485541876101152,0.037671557164279224,80,88,true,true,false,Synthetic demonstration only — not a BraTS scientific result.
SYNTH_00513,SYNTH_G0256,A,-T1,TC,0.96,0.040000000000000036,0.45500099012640777,-0.27624398841451975,0.1535482728697438,0.036864620668715646,60,65,true,true,false,Synthetic demonstration only — not a BraTS scientific result.
SYNTH_00513,SYNTH_G0256,A,-T1,ET,0.0,1.0,0.07965220977893005,-0.3896820431348987,0.1572515070340189,0.03775146044205553,0,7,true,true,false,Synthetic demonstration only — not a BraTS scientific result.
SYNTH_00513,SYNTH_G0256,A,-T1c,WT,0.8163265306122449,0.18367346938775508,0.38200080733485214,-0.33909360156736784,0.18407676234664178,0.0600041391664829,80,116,true,true,false,Synthetic demonstration only — not a BraTS scientific result.
SYNTH_00513,SYNTH_G0256,A,-T1c,TC,0.8368794326241135,0.16312056737588654,0.3172013182182208,-0.39902902201907536,0.1849736876131695,0.05518333211753185,60,81,true,true,false,Synthetic demonstration only — not a BraTS scientific result.
SYNTH_00513,SYNTH_G0256,A,-T1c,ET,0.0,1.0,0.11554637261263863,-0.48913654591070904,0.18919129962451395,0.05542325291293681,0,27,true,true,false,Synthetic demonstration only — not a BraTS scientific result.
SYNTH_00513,SYNTH_G0256,A,-T2,WT,0.9570552147239264,0.042944785276073594,0.49538862694527125,-0.2414738131988914,0.15604359894760345,0.03981022286348285,80,83,true,true,false,Synthetic demonstration only — not a BraTS scientific result.
SYNTH_00513,SYNTH_G0256,A,-T2,TC,0.916030534351145,0.08396946564885499,0.4743402922341839,-0.28125106008009937,0.15325433997046137,0.036700577004625756,60,71,true,true,false,Synthetic demonstration only — not a BraTS scientific result.
SYNTH_00513,SYNTH_G0256,A,-T2,ET,0.0,1.0,0.06870279146141216,-0.3897187478171034,0.16013925551743352,0.038729115656297004,0,5,true,true,false,Synthetic demonstration only — not a BraTS scientific result.
SYNTH_00513,SYNTH_G0256,A,-FLAIR,WT,0.9815950920245399,0.018404907975460127,0.5169326890154807,-0.23831654172956918,0.15287765045115845,0.037134584006870856,80,83,true,true,false,Synthetic demonstration only — not a BraTS scientific result.
SYNTH_00513,SYNTH_G0256,A,-FLAIR,TC,0.9302325581395349,0.06976744186046513,0.4707544861088168,-0.2872382502248772,0.15866766843461577,0.039341235841408174,60,69,true,true,false,Synthetic demonstration only — not a BraTS scientific result.
SYNTH_00513,SYNTH_G0256,A,-FLAIR,ET,0.0,1.0,0.07464709459546884,-0.39209133047736505,0.16752560029280839,0.04098985290650625,0,10,true,true,false,Synthetic demonstration only — not a BraTS scientific result.
SYNTH_00514,SYNTH_G0257,A,Full,WT,0.9523809523809523,0.04761904761904767,0.5057108468213688,-0.1230775928649394,0.1567739207426976,0.0395542425334616,80,88,true,true,false,Synthetic demonstration only — not a BraTS scientific result.
SYNTH_00514,SYNTH_G0257,A,Full,TC,0.9291338582677166,0.07086614173228345,0.4621888420946393,-0.14886834417695874,0.15619477956248384,0.03831971818846112,60,67,true,true,false,Synthetic demonstration only — not a BraTS scientific result.
SYNTH_00514,SYNTH_G0257,A,Full,ET,0.9516129032258065,0.048387096774193505,0.3795572261491424,-0.22830382705076102,0.16069353747822396,0.04178856326104667,60,64,true,true,false,Synthetic demonstration only — not a BraTS scientific result.
SYNTH_00514,SYNTH_G0257,A,-T1,WT,0.8152173913043478,0.18478260869565222,0.3452988551027767,-0.24725805072777696,0.185647524865078,0.06330026665007726,80,104,true,true,false,Synthetic demonstration only — not a BraTS scientific result.
SYNTH_00514,SYNTH_G0257,A,-T1,TC,0.7160493827160493,0.28395061728395066,0.30390890631303114,-0.27624398841451975,0.1936113710230345,0.06609173017403337,60,102,true,true,false,Synthetic demonstration only — not a BraTS scientific result.
SYNTH_00514,SYNTH_G0257,A,-T1,ET,0.6783625730994152,0.32163742690058483,0.322835719344338,-0.3896820431348987,0.1919460985588804,0.06490645696256776,60,111,true,true,false,Synthetic demonstration only — not a BraTS scientific result.
SYNTH_00514,SYNTH_G0257,A,-T1c,WT,0.5657370517928287,0.43426294820717126,0.3537385741104523,-0.33909360156736784,0.21620930016014955,0.09252921931210362,80,171,true,true,false,Synthetic demonstration only — not a BraTS scientific result.
SYNTH_00514,SYNTH_G0257,A,-T1c,TC,0.5463917525773195,0.45360824742268047,0.30453592525507217,-0.39902902201907536,0.21964591346630002,0.0893740315687466,60,134,true,true,false,Synthetic demonstration only — not a BraTS scientific result.
SYNTH_00514,SYNTH_G0257,A,-T1c,ET,0.514018691588785,0.485981308411215,0.326334947938778,-0.48913654591070904,0.21834273667555587,0.08977300961099159,60,154,true,true,false,Synthetic demonstration only — not a BraTS scientific result.
SYNTH_00514,SYNTH_G0257,A,-T2,WT,0.7142857142857143,0.2857142857142857,0.35200682796594956,-0.2414738131988914,0.19050864509061816,0.06897586693935748,80,130,true,true,false,Synthetic demonstration only — not a BraTS scientific result.
SYNTH_00514,SYNTH_G0257,A,-T2,TC,0.7088607594936709,0.2911392405063291,0.3000003106375674,-0.28125106008009937,0.18604240855443296,0.06344485508930826,60,98,true,true,false,Synthetic demonstration only — not a BraTS scientific result.
SYNTH_00514,SYNTH_G0257,A,-T2,ET,0.7283950617283951,0.2716049382716049,0.28865970634945315,-0.3897187478171034,0.19782665020203782,0.06441711391478573,60,102,true,true,false,Synthetic demonstration only — not a BraTS scientific result.
SYNTH_00514,SYNTH_G0257,A,-FLAIR,WT,0.77,0.22999999999999998,0.3541131394626618,-0.23831654172956918,0.19328583731627516,0.06646450480807867,80,120,true,true,false,Synthetic demonstration only — not a BraTS scientific result.
SYNTH_00514,SYNTH_G0257,A,-FLAIR,TC,0.7361963190184049,0.2638036809815951,0.3099883438499157,-0.2872382502248772,0.19231902438319287,0.06574203441107428,60,103,true,true,false,Synthetic demonstration only — not a BraTS scientific result.
SYNTH_00514,SYNTH_G0257,A,-FLAIR,ET,0.7388535031847133,0.2611464968152867,0.30706258074545817,-0.39209133047736505,0.18546353085826953,0.0657060737506039,60,97,true,true,false,Synthetic demonstration only — not a BraTS scientific result.
SYNTH_00515,SYNTH_G0257,A,Full,WT,0.6932515337423313,0.3067484662576687,0.41909699413582335,-0.1230775928649394,0.19219709271480195,0.08397041528149603,125,201,true,true,false,Synthetic demonstration only — not a BraTS scientific result.
SYNTH_00515,SYNTH_G0257,A,Full,TC,0.624561403508772,0.375438596491228,0.3547418672635985,-0.14886834417695874,0.21209586334327235,0.09166106419015634,100,185,true,true,false,Synthetic demonstration only — not a BraTS scientific result.
SYNTH_00515,SYNTH_G0257,A,Full,ET,0.6762589928057554,0.3237410071942446,0.3670010166422724,-0.22830382705076102,0.20286966546927865,0.08815138342556975,100,178,true,true,false,Synthetic demonstration only — not a BraTS scientific result.
SYNTH_00515,SYNTH_G0257,A,-T1,WT,0.5963060686015831,0.4036939313984169,0.3653813475324485,-0.24725805072777696,0.21920079477351667,0.11490086625635722,125,254,true,true,false,Synthetic demonstration only — not a BraTS scientific result.
SYNTH_00515,SYNTH_G0257,A,-T1,TC,0.5015105740181269,0.49848942598187307,0.3753754950731935,-0.27624398841451975,0.2237069638051455,0.11430921721507165,100,231,true,true,false,Synthetic demonstration only — not a BraTS scientific result.
SYNTH_00515,SYNTH_G0257,A,-T1,ET,0.503030303030303,0.49696969696969695,0.3476504511167133,-0.3896820431348987,0.2239094888708252,0.11521621076240553,100,230,true,true,false,Synthetic demonstration only — not a BraTS scientific result.
SYNTH_00515,SYNTH_G0257,A,-T1c,WT,0.5,0.5,0.3876979195863513,-0.33909360156736784,0.23272823616879476,0.13207296945639568,125,279,true,true,false,Synthetic demonstration only — not a BraTS scientific result.
SYNTH_00515,SYNTH_G0257,A,-T1c,TC,0.42857142857142855,0.5714285714285714,0.37612966910372353,-0.39902902201907536,0.24652104403048725,0.13272866144662476,100,278,true,true,false,Synthetic demonstration only — not a BraTS scientific result.
SYNTH_00515,SYNTH_G0257,A,-T1c,ET,0.41081081081081083,0.5891891891891892,0.3618821534948317,-0.48913654591070904,0.2400820460452703,0.1328789998762589,100,270,true,true,false,Synthetic demonstration only — not a BraTS scientific result.
SYNTH_00515,SYNTH_G0257,A,-T2,WT,0.582010582010582,0.417989417989418,0.38915873419863545,-0.2414738131988914,0.21407730220893323,0.1129960588339448,125,253,true,true,false,Synthetic demonstration only — not a BraTS scientific result.
SYNTH_00515,SYNTH_G0257,A,-T2,TC,0.5299684542586751,0.4700315457413249,0.35498210996813906,-0.28125106008009937,0.22250734262787672,0.11225636533983065,100,217,true,true,false,Synthetic demonstration only — not a BraTS scientific result.
SYNTH_00515,SYNTH_G0257,A,-T2,ET,0.5558912386706949,0.4441087613293051,0.38262546675134923,-0.3897187478171034,0.22440940406573243,0.10923938754078087,100,231,true,true,false,Synthetic demonstration only — not a BraTS scientific result.
SYNTH_00515,SYNTH_G0257,A,-FLAIR,WT,0.5857519788918206,0.4142480211081794,0.389066784693526,-0.23831654172956918,0.21109801408399811,0.11042512046983266,125,254,true,true,false,Synthetic demonstration only — not a BraTS scientific result.
SYNTH_00515,SYNTH_G0257,A,-FLAIR,TC,0.5144508670520231,0.48554913294797686,0.3725680954255518,-0.2872382502248772,0.23307947869240508,0.11690642619158441,100,246,true,true,false,Synthetic demonstration only — not a BraTS scientific result.
SYNTH_00515,SYNTH_G0257,A,-FLAIR,ET,0.5201238390092879,0.47987616099071206,0.3548922380541343,-0.39209133047736505,0.22565225196401825,0.11533615809499996,100,223,true,true,false,Synthetic demonstration only — not a BraTS scientific result.
SYNTH_00516,SYNTH_G0258,A,Full,WT,0.967741935483871,0.032258064516129004,0.6132297953721066,-0.1230775928649394,0.16298784908586542,0.045715064705282464,180,192,true,true,false,Synthetic demonstration only — not a BraTS scientific result.
SYNTH_00516,SYNTH_G0258,A,Full,TC,0.9477124183006536,0.05228758169934644,0.5555927365069218,-0.14886834417695874,0.15870259400828707,0.045616627246620835,150,156,true,true,false,Synthetic demonstration only — not a BraTS scientific result.
SYNTH_00516,SYNTH_G0258,A,Full,ET,0.9517684887459807,0.048231511254019255,0.5484896839394194,-0.22830382705076102,0.16714869230111762,0.04756969622750661,150,161,true,true,false,Synthetic demonstration only — not a BraTS scientific result.
SYNTH_00516,SYNTH_G0258,A,-T1,WT,0.8415841584158416,0.15841584158415845,0.48608053655453926,-0.24725805072777696,0.1856662628383012,0.07500885585067997,180,224,true,true,false,Synthetic demonstration only — not a BraTS scientific result.
SYNTH_00516,SYNTH_G0258,A,-T1,TC,0.8125,0.1875,0.4554258232699918,-0.27624398841451975,0.18292626890267263,0.07278071834949497,150,202,true,true,false,Synthetic demonstration only — not a BraTS scientific result.
SYNTH_00516,SYNTH_G0258,A,-T1,ET,0.7637362637362637,0.2362637362637363,0.4581432283917118,-0.3896820431348987,0.1756864185316559,0.07831432389743954,150,214,true,true,false,Synthetic demonstration only — not a BraTS scientific result.
SYNTH_00516,SYNTH_G0258,A,-T1c,WT,0.7268518518518519,0.27314814814814814,0.43798007450736853,-0.33909360156736784,0.17764369675761474,0.09964384174314385,180,252,true,true,false,Synthetic demonstration only — not a BraTS scientific result.
SYNTH_00516,SYNTH_G0258,A,-T1c,TC,0.6683544303797468,0.33164556962025316,0.3975250268801047,-0.39902902201907536,0.19168816131809766,0.10179383420474375,150,245,true,true,false,Synthetic demonstration only — not a BraTS scientific result.
SYNTH_00516,SYNTH_G0258,A,-T1c,ET,0.678391959798995,0.321608040201005,0.4054050063287907,-0.48913654591070904,0.19586632469862605,0.10232149692850306,150,248,true,true,false,Synthetic demonstration only — not a BraTS scientific result.
SYNTH_00516,SYNTH_G0258,A,-T2,WT,0.8235294117647058,0.17647058823529416,0.48833863779746134,-0.2414738131988914,0.1728677534816703,0.07370434389581704,180,228,true,true,false,Synthetic demonstration only — not a BraTS scientific result.
SYNTH_00516,SYNTH_G0258,A,-T2,TC,0.7513812154696132,0.24861878453038677,0.4459737239918751,-0.28125106008009937,0.1798126590041988,0.07826391873990922,150,212,true,true,false,Synthetic demonstration only — not a BraTS scientific result.
SYNTH_00516,SYNTH_G0258,A,-T2,ET,0.7967032967032966,0.20329670329670335,0.45007884323559866,-0.3897187478171034,0.18819642351640042,0.07574422720582241,150,214,true,true,false,Synthetic demonstration only — not a BraTS scientific result.
SYNTH_00516,SYNTH_G0258,A,-FLAIR,WT,0.8186046511627907,0.1813953488372093,0.47942195146015304,-0.23831654172956918,0.1846931554643287,0.07687361018655046,180,250,true,true,false,Synthetic demonstration only — not a BraTS scientific result.
SYNTH_00516,SYNTH_G0258,A,-FLAIR,TC,0.8218390804597702,0.17816091954022983,0.44944172370167135,-0.2872382502248772,0.17721623941255754,0.07204650148050858,150,198,true,true,false,Synthetic demonstration only — not a BraTS scientific result.
SYNTH_00516,SYNTH_G0258,A,-FLAIR,ET,0.7921348314606742,0.2078651685393258,0.4361986520299371,-0.39209133047736505,0.1831794323301228,0.07294587308871885,150,206,true,true,false,Synthetic demonstration only — not a BraTS scientific result.
SYNTH_00517,SYNTH_G0258,A,Full,WT,1.0,0.0,0.979125656167979,-0.1230775928649394,0.10537979594799182,0.014815870276682215,125,125,true,true,false,Synthetic demonstration only — not a BraTS scientific result.
SYNTH_00517,SYNTH_G0258,A,Full,TC,1.0,0.0,0.9770918268297418,-0.14886834417695874,0.10511578917262117,0.015416191926037128,100,100,true,true,false,Synthetic demonstration only — not a BraTS scientific result.
SYNTH_00517,SYNTH_G0258,A,Full,ET,1.0,0.0,0.9868474532182282,-0.22830382705076102,0.10647075152602774,0.015235162357738488,100,100,true,true,false,Synthetic demonstration only — not a BraTS scientific result.
SYNTH_00517,SYNTH_G0258,A,-T1,WT,0.9881422924901185,0.011857707509881465,0.6471568427123253,-0.24725805072777696,0.15359031263292042,0.03552933686543371,125,128,true,true,false,Synthetic demonstration only — not a BraTS scientific result.
SYNTH_00517,SYNTH_G0258,A,-T1,TC,0.9705882352941176,0.02941176470588236,0.5932755369732743,-0.27624398841451975,0.14879173500660162,0.034814849401568614,100,104,true,true,false,Synthetic demonstration only — not a BraTS scientific result.
SYNTH_00517,SYNTH_G0258,A,-T1,ET,0.966183574879227,0.033816425120772986,0.5809442147705813,-0.3896820431348987,0.15091355073648655,0.03487347651336863,100,107,true,true,false,Synthetic demonstration only — not a BraTS scientific result.
SYNTH_00517,SYNTH_G0258,A,-T1c,WT,0.8664259927797834,0.13357400722021662,0.4803375111263191,-0.33909360156736784,0.1737244134559299,0.056517628327182295,125,152,true,true,false,Synthetic demonstration only — not a BraTS scientific result.
SYNTH_00517,SYNTH_G0258,A,-T1c,TC,0.8727272727272727,0.12727272727272732,0.45162472659368086,-0.39902902201907536,0.17298784530405528,0.0559868359542087,100,120,true,true,false,Synthetic demonstration only — not a BraTS scientific result.
SYNTH_00517,SYNTH_G0258,A,-T1c,ET,0.8547008547008547,0.14529914529914534,0.46693046857591336,-0.48913654591070904,0.17297096617504346,0.05152951475003224,100,134,true,true,false,Synthetic demonstration only — not a BraTS scientific result.
SYNTH_00517,SYNTH_G0258,A,-T2,WT,0.9880478087649402,0.01195219123505975,0.6416167625283594,-0.2414738131988914,0.15356395899142353,0.03601268499762576,125,126,true,true,false,Synthetic demonstration only — not a BraTS scientific result.
SYNTH_00517,SYNTH_G0258,A,-T2,TC,0.9950248756218906,0.00497512437810943,0.6035526287871336,-0.28125106008009937,0.1530519467108704,0.034084544422421544,100,101,true,true,false,Synthetic demonstration only — not a BraTS scientific result.
SYNTH_00517,SYNTH_G0258,A,-T2,ET,0.9658536585365853,0.034146341463414664,0.6064323945550608,-0.3897187478171034,0.1476131583386715,0.03424036260289611,100,105,true,true,false,Synthetic demonstration only — not a BraTS scientific result.
SYNTH_00517,SYNTH_G0258,A,-FLAIR,WT,0.96875,0.03125,0.6318310076275546,-0.23831654172956918,0.14771705989878017,0.034344120266160925,125,131,true,true,false,Synthetic demonstration only — not a BraTS scientific result.
SYNTH_00517,SYNTH_G0258,A,-FLAIR,TC,0.9850746268656716,0.014925373134328401,0.5675534689619197,-0.2872382502248772,0.1474347465787476,0.032851616942617776,100,101,true,true,false,Synthetic demonstration only — not a BraTS scientific result.
SYNTH_00517,SYNTH_G0258,A,-FLAIR,ET,0.9900990099009901,0.00990099009900991,0.6205850062586306,-0.39209133047736505,0.14742748813571738,0.033080857564636815,100,102,true,true,false,Synthetic demonstration only — not a BraTS scientific result.
SYNTH_00518,SYNTH_G0259,A,Full,WT,0.8041237113402062,0.19587628865979378,0.35547916833569637,-0.1230775928649394,0.17738957257803548,0.058694382623604144,80,114,true,true,false,Synthetic demonstration only — not a BraTS scientific result.
SYNTH_00518,SYNTH_G0259,A,Full,TC,0.7333333333333333,0.2666666666666667,0.3058364437294649,-0.14886834417695874,0.18407527237362467,0.06117907642954722,60,90,true,true,false,Synthetic demonstration only — not a BraTS scientific result.
SYNTH_00518,SYNTH_G0259,A,Full,ET,0.8027210884353742,0.19727891156462585,0.32068204929442456,-0.22830382705076102,0.18753538828691177,0.059785023485389256,60,87,true,true,false,Synthetic demonstration only — not a BraTS scientific result.
SYNTH_00518,SYNTH_G0259,A,-T1,WT,0.5555555555555556,0.4444444444444444,0.3331323734963185,-0.24725805072777696,0.2094443805729295,0.09184278023591672,80,172,true,true,false,Synthetic demonstration only — not a BraTS scientific result.
SYNTH_00518,SYNTH_G0259,A,-T1,TC,0.4818181818181818,0.5181818181818182,0.3300658212145344,-0.27624398841451975,0.22594333024843996,0.09500440123964518,60,160,true,true,false,Synthetic demonstration only — not a BraTS scientific result.
SYNTH_00518,SYNTH_G0259,A,-T1,ET,0.5320197044334976,0.46798029556650245,0.30710777728019106,-0.3896820431348987,0.22424851223145273,0.09135120306688628,60,143,true,true,false,Synthetic demonstration only — not a BraTS scientific result.
SYNTH_00518,SYNTH_G0259,A,-T1c,WT,0.4982456140350877,0.5017543859649123,0.34794488804007895,-0.33909360156736784,0.22945972786018531,0.10723959097851161,80,205,true,true,false,Synthetic demonstration only — not a BraTS scientific result.
SYNTH_00518,SYNTH_G0259,A,-T1c,TC,0.42105263157894735,0.5789473684210527,0.3291183248867431,-0.39902902201907536,0.25121912968460136,0.11408957816928643,60,206,true,true,false,Synthetic demonstration only — not a BraTS scientific result.
SYNTH_00518,SYNTH_G0259,A,-T1c,ET,0.42023346303501946,0.5797665369649805,0.31674075942835495,-0.48913654591070904,0.24526829045473458,0.10934797092649091,60,197,true,true,false,Synthetic demonstration only — not a BraTS scientific result.
SYNTH_00518,SYNTH_G0259,A,-T2,WT,0.616,0.384,0.33849750391007694,-0.2414738131988914,0.21157288731206358,0.08720109533179167,80,170,true,true,false,Synthetic demonstration only — not a BraTS scientific result.
SYNTH_00518,SYNTH_G0259,A,-T2,TC,0.5671641791044776,0.4328358208955224,0.32012331800972843,-0.28125106008009937,0.21994423257054527,0.08980480489172935,60,141,true,true,false,Synthetic demonstration only — not a BraTS scientific result.
SYNTH_00518,SYNTH_G0259,A,-T2,ET,0.507177033492823,0.49282296650717705,0.30735654718038835,-0.3897187478171034,0.22225996216291394,0.0928617675796086,60,149,true,true,false,Synthetic demonstration only — not a BraTS scientific result.
SYNTH_00518,SYNTH_G0259,A,-FLAIR,WT,0.5588235294117647,0.4411764705882353,0.34831431239170785,-0.23831654172956918,0.21738740579501953,0.09364442200554626,80,192,true,true,false,Synthetic demonstration only — not a BraTS scientific result.
SYNTH_00518,SYNTH_G0259,A,-FLAIR,TC,0.47761194029850745,0.5223880597014925,0.2668791011478978,-0.2872382502248772,0.21245061499317922,0.09046496053134004,60,141,true,true,false,Synthetic demonstration only — not a BraTS scientific result.
SYNTH_00518,SYNTH_G0259,A,-FLAIR,ET,0.5023255813953489,0.4976744186046511,0.30120530310637594,-0.39209133047736505,0.21783150863020945,0.09033297237795598,60,155,true,true,false,Synthetic demonstration only — not a BraTS scientific result.
SYNTH_00519,SYNTH_G0259,A,Full,WT,0.8759124087591241,0.12408759124087587,0.4442393064688325,-0.1230775928649394,0.17779224844906552,0.056864244304570086,125,149,true,true,false,Synthetic demonstration only — not a BraTS scientific result.
SYNTH_00519,SYNTH_G0259,A,Full,TC,0.8878923766816144,0.11210762331838564,0.4236202640286785,-0.14886834417695874,0.17446698087111398,0.05400740195845505,100,123,true,true,false,Synthetic demonstration only — not a BraTS scientific result.
SYNTH_00519,SYNTH_G0259,A,Full,ET,0.8789237668161435,0.12107623318385652,0.44469440663462695,-0.22830382705076102,0.17755979385658346,0.05261057618763862,100,123,true,true,false,Synthetic demonstration only — not a BraTS scientific result.
SYNTH_00519,SYNTH_G0259,A,-T1,WT,0.691131498470948,0.308868501529052,0.40140636322619727,-0.24725805072777696,0.19390464483021427,0.0888684565002374,125,202,true,true,false,Synthetic demonstration only — not a BraTS scientific result.
SYNTH_00519,SYNTH_G0259,A,-T1,TC,0.625,0.375,0.37984768958182935,-0.27624398841451975,0.19667021048440428,0.0870491290219167,100,188,true,true,false,Synthetic demonstration only — not a BraTS scientific result.
SYNTH_00519,SYNTH_G0259,A,-T1,ET,0.6619217081850534,0.33807829181494664,0.37315777368045117,-0.3896820431348987,0.20008554240769774,0.0854465062682616,100,181,true,true,false,Synthetic demonstration only — not a BraTS scientific result.
SYNTH_00519,SYNTH_G0259,A,-T1c,WT,0.5956284153005464,0.40437158469945356,0.37968272186478647,-0.33909360156736784,0.21059085826174037,0.10795309615016756,125,241,true,true,false,Synthetic demonstration only — not a BraTS scientific result.
SYNTH_00519,SYNTH_G0259,A,-T1c,TC,0.5714285714285714,0.4285714285714286,0.3852681524701648,-0.39902902201907536,0.21417534132871824,0.10257096233422086,100,222,true,true,false,Synthetic demonstration only — not a BraTS scientific result.
SYNTH_00519,SYNTH_G0259,A,-T1c,ET,0.5459940652818991,0.4540059347181009,0.3783670533937977,-0.48913654591070904,0.2321268586285391,0.11403681502778919,100,237,true,true,false,Synthetic demonstration only — not a BraTS scientific result.
SYNTH_00519,SYNTH_G0259,A,-T2,WT,0.7395498392282959,0.26045016077170413,0.39534284881133264,-0.2414738131988914,0.18701806474793833,0.0816463873777045,125,186,true,true,false,Synthetic demonstration only — not a BraTS scientific result.
SYNTH_00519,SYNTH_G0259,A,-T2,TC,0.6666666666666666,0.33333333333333337,0.36162851155714076,-0.28125106008009937,0.19299291764520551,0.0841146530008158,100,170,true,true,false,Synthetic demonstration only — not a BraTS scientific result.
SYNTH_00519,SYNTH_G0259,A,-T2,ET,0.6888888888888889,0.3111111111111111,0.3756799867815654,-0.3897187478171034,0.19545945497939227,0.08039479324652721,100,170,true,true,false,Synthetic demonstration only — not a BraTS scientific result.
SYNTH_00519,SYNTH_G0259,A,-FLAIR,WT,0.7142857142857143,0.2857142857142857,0.40475158292001656,-0.23831654172956918,0.1837051300572691,0.08461833774622075,125,197,true,true,false,Synthetic demonstration only — not a BraTS scientific result.
SYNTH_00519,SYNTH_G0259,A,-FLAIR,TC,0.7230769230769231,0.27692307692307694,0.3612882198083776,-0.2872382502248772,0.19982617644053347,0.07943357963241976,100,160,true,true,false,Synthetic demonstration only — not a BraTS scientific result.
SYNTH_00519,SYNTH_G0259,A,-FLAIR,ET,0.7099236641221374,0.29007633587786263,0.36323373650403173,-0.39209133047736505,0.19240461328878256,0.07753638234958084,100,162,true,true,false,Synthetic demonstration only — not a BraTS scientific result.
SYNTH_00520,SYNTH_G0260,A,Full,WT,0.8226600985221675,0.17733990147783252,0.485222783390364,-0.1230775928649394,0.17911020852563464,0.0738982473764849,180,226,true,true,false,Synthetic demonstration only — not a BraTS scientific result.
SYNTH_00520,SYNTH_G0260,A,Full,TC,0.7267605633802817,0.2732394366197183,0.42232430331471865,-0.14886834417695874,0.17979785881807878,0.08856014351303931,150,205,true,true,false,Synthetic demonstration only — not a BraTS scientific result.
SYNTH_00520,SYNTH_G0260,A,Full,ET,0.7629427792915532,0.23705722070844681,0.4294741393712472,-0.22830382705076102,0.18830458422196678,0.08267848477617043,150,217,true,true,false,Synthetic demonstration only — not a BraTS scientific result.
SYNTH_00520,SYNTH_G0260,A,-T1,WT,0.672566371681416,0.327433628318584,0.4157399855259698,-0.24725805072777696,0.1846203582402192,0.10830439742227849,180,272,true,true,false,Synthetic demonstration only — not a BraTS scientific result.
SYNTH_00520,SYNTH_G0260,A,-T1,TC,0.6565656565656566,0.3434343434343434,0.39935191359508976,-0.27624398841451975,0.19120403755490162,0.10776690824992569,150,246,true,true,false,Synthetic demonstration only — not a BraTS scientific result.
SYNTH_00520,SYNTH_G0260,A,-T1,ET,0.6683417085427136,0.3316582914572864,0.3985446095517642,-0.3896820431348987,0.19803216110226962,0.10497708193178577,150,248,true,true,false,Synthetic demonstration only — not a BraTS scientific result.
SYNTH_00520,SYNTH_G0260,A,-T1c,WT,0.6470588235294118,0.3529411764705882,0.42781246554932534,-0.33909360156736784,0.1998936675827091,0.12284384990794944,180,330,true,true,false,Synthetic demonstration only — not a BraTS scientific result.
SYNTH_00520,SYNTH_G0260,A,-T1c,TC,0.5734265734265734,0.42657342657342656,0.3862722598964344,-0.39902902201907536,0.21472268031319192,0.1232484710731094,150,279,true,true,false,Synthetic demonstration only — not a BraTS scientific result.
SYNTH_00520,SYNTH_G0260,A,-T1c,ET,0.5977011494252874,0.4022988505747126,0.41881907540666397,-0.48913654591070904,0.208967524545983,0.12262792005900154,150,285,true,true,false,Synthetic demonstration only — not a BraTS scientific result.
SYNTH_00520,SYNTH_G0260,A,-T2,WT,0.6815144766146993,0.3184855233853007,0.44284949389816586,-0.2414738131988914,0.18089320339827786,0.10807525698389202,180,269,true,true,false,Synthetic demonstration only — not a BraTS scientific result.
SYNTH_00520,SYNTH_G0260,A,-T2,TC,0.6446700507614214,0.35532994923857864,0.4077389087607766,-0.28125106008009937,0.186189430441017,0.10515549610438216,150,244,true,true,false,Synthetic demonstration only — not a BraTS scientific result.
SYNTH_00520,SYNTH_G0260,A,-T2,ET,0.6747572815533981,0.3252427184466019,0.4120366334199068,-0.3897187478171034,0.20353644399806903,0.10176983096737564,150,262,true,true,false,Synthetic demonstration only — not a BraTS scientific result.
SYNTH_00520,SYNTH_G0260,A,-FLAIR,WT,0.7017543859649122,0.29824561403508776,0.4420295550893404,-0.23831654172956918,0.18299964308961436,0.10565338833592514,180,276,true,true,false,Synthetic demonstration only — not a BraTS scientific result.
SYNTH_00520,SYNTH_G0260,A,-FLAIR,TC,0.6004842615012107,0.3995157384987893,0.3966333434949735,-0.2872382502248772,0.2080569709963432,0.11793802608881604,150,263,true,true,false,Synthetic demonstration only — not a BraTS scientific result.
SYNTH_00520,SYNTH_G0260,A,-FLAIR,ET,0.6417910447761194,0.35820895522388063,0.442663390453567,-0.39209133047736505,0.19209649853322236,0.10471711533579652,150,252,true,true,false,Synthetic demonstration only — not a BraTS scientific result.
SYNTH_00521,SYNTH_G0260,A,Full,WT,1.0,0.0,0.923124587918243,-0.1230775928649394,0.11550046366863641,0.018385047864737655,80,80,true,true,false,Synthetic demonstration only — not a BraTS scientific result.
SYNTH_00521,SYNTH_G0260,A,Full,TC,1.0,0.0,0.9077275092897319,-0.14886834417695874,0.1103946228417453,0.017212912069425764,60,60,true,true,false,Synthetic demonstration only — not a BraTS scientific result.
SYNTH_00521,SYNTH_G0260,A,Full,ET,1.0,0.0,0.9329906204906205,-0.22830382705076102,0.11233745835380747,0.017492974917233676,60,60,true,true,false,Synthetic demonstration only — not a BraTS scientific result.
SYNTH_00521,SYNTH_G0260,A,-T1,WT,0.9693251533742331,0.030674846625766916,0.4714321001729085,-0.24725805072777696,0.15873187248216708,0.03921632989339558,80,83,true,true,false,Synthetic demonstration only — not a BraTS scientific result.
SYNTH_00521,SYNTH_G0260,A,-T1,TC,0.9375,0.0625,0.4348745767540187,-0.27624398841451975,0.15853700250028477,0.03755660085443467,60,68,true,true,false,Synthetic demonstration only — not a BraTS scientific result.
SYNTH_00521,SYNTH_G0260,A,-T1,ET,0.959349593495935,0.04065040650406504,0.40492610837438425,-0.3896820431348987,0.16258604768063514,0.04092273884757219,60,63,true,true,false,Synthetic demonstration only — not a BraTS scientific result.
SYNTH_00521,SYNTH_G0260,A,-T1c,WT,0.7783251231527094,0.2216748768472906,0.39229118955487113,-0.33909360156736784,0.18640881712721216,0.06267192276422383,80,123,true,true,false,Synthetic demonstration only — not a BraTS scientific result.
SYNTH_00521,SYNTH_G0260,A,-T1c,TC,0.7421383647798742,0.25786163522012584,0.3153179902908676,-0.39902902201907536,0.1856138957363111,0.0606783882864177,60,99,true,true,false,Synthetic demonstration only — not a BraTS scientific result.
SYNTH_00521,SYNTH_G0260,A,-T1c,ET,0.7547169811320755,0.24528301886792447,0.3206151354643688,-0.48913654591070904,0.1858664799268593,0.05773959516437442,60,99,true,true,false,Synthetic demonstration only — not a BraTS scientific result.
SYNTH_00521,SYNTH_G0260,A,-T2,WT,0.9518072289156626,0.048192771084337394,0.4813524528029222,-0.2414738131988914,0.15741578180297638,0.04036801516760467,80,86,true,true,false,Synthetic demonstration only — not a BraTS scientific result.
SYNTH_00521,SYNTH_G0260,A,-T2,TC,0.96,0.040000000000000036,0.41927646468770635,-0.28125106008009937,0.15186065597902226,0.03751216440386866,60,65,true,true,false,Synthetic demonstration only — not a BraTS scientific result.
SYNTH_00521,SYNTH_G0260,A,-T2,ET,0.9365079365079365,0.06349206349206349,0.4015090135562134,-0.3897187478171034,0.16124926186681432,0.03935520193778162,60,66,true,true,false,Synthetic demonstration only — not a BraTS scientific result.
SYNTH_00521,SYNTH_G0260,A,-FLAIR,WT,0.9467455621301775,0.053254437869822535,0.49897164073727635,-0.23831654172956918,0.15387669677782168,0.038145599450752514,80,89,true,true,false,Synthetic demonstration only — not a BraTS scientific result.
SYNTH_00521,SYNTH_G0260,A,-FLAIR,TC,0.9230769230769231,0.07692307692307687,0.40392959153522534,-0.2872382502248772,0.15979778711948267,0.0400190225003703,60,70,true,true,false,Synthetic demonstration only — not a BraTS scientific result.
SYNTH_00521,SYNTH_G0260,A,-FLAIR,ET,0.9375,0.0625,0.4318930707584991,-0.39209133047736505,0.15481607470753445,0.039671932462217806,60,68,true,true,false,Synthetic demonstration only — not a BraTS scientific result.
SYNTH_00522,SYNTH_G0261,A,Full,WT,1.0,0.0,0.8673552336254241,-0.1230775928649394,0.1236047033397305,0.02151883426103648,125,125,true,true,false,Synthetic demonstration only — not a BraTS scientific result.
SYNTH_00522,SYNTH_G0261,A,Full,TC,1.0,0.0,0.7789027059413326,-0.14886834417695874,0.13093543520181217,0.024217183619502664,100,100,true,true,false,Synthetic demonstration only — not a BraTS scientific result.
SYNTH_00522,SYNTH_G0261,A,Full,ET,0.0,1.0,0.02564102564102564,-0.22830382705076102,0.11991325433876725,0.02321620831109508,0,1,true,true,false,Synthetic demonstration only — not a BraTS scientific result.
SYNTH_00522,SYNTH_G0261,A,-T1,WT,0.9578544061302682,0.04214559386973182,0.5045660420513008,-0.24725805072777696,0.169383478392278,0.04628132972576021,125,136,true,true,false,Synthetic demonstration only — not a BraTS scientific result.
SYNTH_00522,SYNTH_G0261,A,-T1,TC,0.9478672985781991,0.05213270142180093,0.4767030570049146,-0.27624398841451975,0.17570693274726304,0.04757112060337169,100,111,true,true,false,Synthetic demonstration only — not a BraTS scientific result.
SYNTH_00522,SYNTH_G0261,A,-T1,ET,0.0,1.0,0.08716792291108082,-0.3896820431348987,0.17719512918016675,0.047950018222196876,0,16,true,true,false,Synthetic demonstration only — not a BraTS scientific result.
SYNTH_00522,SYNTH_G0261,A,-T1c,WT,0.8181818181818182,0.18181818181818177,0.3975082115754899,-0.33909360156736784,0.1849855879515053,0.0674121005997169,125,161,true,true,false,Synthetic demonstration only — not a BraTS scientific result.
SYNTH_00522,SYNTH_G0261,A,-T1c,TC,0.7622950819672131,0.23770491803278693,0.38109826154090193,-0.39902902201907536,0.181174387964806,0.06815989219021683,100,144,true,true,false,Synthetic demonstration only — not a BraTS scientific result.
SYNTH_00522,SYNTH_G0261,A,-T1c,ET,0.0,1.0,0.18058586222698964,-0.48913654591070904,0.20803556828804312,0.06864323885102881,0,64,true,true,false,Synthetic demonstration only — not a BraTS scientific result.
SYNTH_00522,SYNTH_G0261,A,-T2,WT,0.915129151291513,0.08487084870848705,0.5137096138341717,-0.2414738131988914,0.16625761461168564,0.0517584656393777,125,146,true,true,false,Synthetic demonstration only — not a BraTS scientific result.
SYNTH_00522,SYNTH_G0261,A,-T2,TC,0.8767123287671232,0.12328767123287676,0.47507051918663,-0.28125106008009937,0.16984385254803555,0.05061298746273176,100,119,true,true,false,Synthetic demonstration only — not a BraTS scientific result.
SYNTH_00522,SYNTH_G0261,A,-T2,ET,0.0,1.0,0.11205749845940656,-0.3897187478171034,0.18672393529539852,0.052423453953401124,0,23,true,true,false,Synthetic demonstration only — not a BraTS scientific result.
SYNTH_00522,SYNTH_G0261,A,-FLAIR,WT,0.9185185185185185,0.08148148148148149,0.5229895819880322,-0.23831654172956918,0.16893845232670943,0.04835982992763426,125,145,true,true,false,Synthetic demonstration only — not a BraTS scientific result.
SYNTH_00522,SYNTH_G0261,A,-FLAIR,TC,0.8968609865470852,0.10313901345291476,0.4650314068147524,-0.2872382502248772,0.17248820687003116,0.05004074559711828,100,123,true,true,false,Synthetic demonstration only — not a BraTS scientific result.
SYNTH_00522,SYNTH_G0261,A,-FLAIR,ET,0.0,1.0,0.09585858585858587,-0.39209133047736505,0.17767430380312463,0.048836288348130426,0,19,true,true,false,Synthetic demonstration only — not a BraTS scientific result.
SYNTH_00523,SYNTH_G0261,A,Full,WT,0.9727626459143969,0.027237354085603127,0.6336054961234894,-0.1230775928649394,0.14877015450969866,0.035317537706292965,125,132,true,true,false,Synthetic demonstration only — not a BraTS scientific result.
SYNTH_00523,SYNTH_G0261,A,Full,TC,0.975609756097561,0.024390243902439046,0.6076070064195179,-0.14886834417695874,0.14767027955214804,0.0325512518469456,100,105,true,true,false,Synthetic demonstration only — not a BraTS scientific result.
SYNTH_00523,SYNTH_G0261,A,Full,ET,0.9795918367346939,0.020408163265306145,0.5864370141258013,-0.22830382705076102,0.15223208597925464,0.03765242631151677,100,96,true,true,false,Synthetic demonstration only — not a BraTS scientific result.
SYNTH_00523,SYNTH_G0261,A,-T1,WT,0.8591549295774648,0.14084507042253525,0.4446141757032846,-0.24725805072777696,0.18195285191312807,0.06300069650823281,125,159,true,true,false,Synthetic demonstration only — not a BraTS scientific result.
SYNTH_00523,SYNTH_G0261,A,-T1,TC,0.8048780487804879,0.19512195121951215,0.39426030962088376,-0.27624398841451975,0.18219225155824442,0.06288680909587402,100,146,true,true,false,Synthetic demonstration only — not a BraTS scientific result.
SYNTH_00523,SYNTH_G0261,A,-T1,ET,0.8347826086956521,0.16521739130434787,0.4155984861255991,-0.3896820431348987,0.17707060863706603,0.058505245618844556,100,130,true,true,false,Synthetic demonstration only — not a BraTS scientific result.
SYNTH_00523,SYNTH_G0261,A,-T1c,WT,0.7540983606557377,0.24590163934426235,0.37707181314157906,-0.33909360156736784,0.1922522786136862,0.08380511446196973,125,180,true,true,false,Synthetic demonstration only — not a BraTS scientific result.
SYNTH_00523,SYNTH_G0261,A,-T1c,TC,0.636986301369863,0.363013698630137,0.37848297380429585,-0.39902902201907536,0.208393162645916,0.08865533306460091,100,192,true,true,false,Synthetic demonstration only — not a BraTS scientific result.
SYNTH_00523,SYNTH_G0261,A,-T1c,ET,0.6863468634686347,0.3136531365313653,0.38223865700474413,-0.48913654591070904,0.20260371854074088,0.08592249775456645,100,171,true,true,false,Synthetic demonstration only — not a BraTS scientific result.
SYNTH_00523,SYNTH_G0261,A,-T2,WT,0.8531468531468531,0.14685314685314688,0.4489284757212259,-0.2414738131988914,0.17718382954591178,0.062204064662652554,125,161,true,true,false,Synthetic demonstration only — not a BraTS scientific result.
SYNTH_00523,SYNTH_G0261,A,-T2,TC,0.8157894736842105,0.1842105263157895,0.384412941661878,-0.28125106008009937,0.18223804057913792,0.06296513158251238,100,128,true,true,false,Synthetic demonstration only — not a BraTS scientific result.
SYNTH_00523,SYNTH_G0261,A,-T2,ET,0.8495575221238938,0.1504424778761062,0.3932808560389681,-0.3897187478171034,0.17822787091697095,0.058064889143655464,100,126,true,true,false,Synthetic demonstration only — not a BraTS scientific result.
SYNTH_00523,SYNTH_G0261,A,-FLAIR,WT,0.8808664259927798,0.11913357400722024,0.4641118073753371,-0.23831654172956918,0.1807144476654224,0.057466694220684164,125,152,true,true,false,Synthetic demonstration only — not a BraTS scientific result.
SYNTH_00523,SYNTH_G0261,A,-FLAIR,TC,0.8484848484848485,0.1515151515151515,0.39857005462101003,-0.2872382502248772,0.17934374395260896,0.058482269845938774,100,131,true,true,false,Synthetic demonstration only — not a BraTS scientific result.
SYNTH_00523,SYNTH_G0261,A,-FLAIR,ET,0.8558951965065502,0.14410480349344978,0.37707458678942085,-0.39209133047736505,0.18212354492615238,0.06229052974319427,100,129,true,true,false,Synthetic demonstration only — not a BraTS scientific result.
SYNTH_00524,SYNTH_G0262,A,Full,WT,0.7637540453074434,0.2362459546925566,0.4323294637128431,-0.1230775928649394,0.18825974953789754,0.07429508711027362,125,184,true,true,false,Synthetic demonstration only — not a BraTS scientific result.
SYNTH_00524,SYNTH_G0262,A,Full,TC,0.7530364372469636,0.24696356275303644,0.3795507037488829,-0.14886834417695874,0.19547439982636353,0.07290750842476401,100,147,true,true,false,Synthetic demonstration only — not a BraTS scientific result.
SYNTH_00524,SYNTH_G0262,A,Full,ET,0.7286245353159851,0.27137546468401486,0.40274334542991475,-0.22830382705076102,0.19845517969789228,0.07588134373300827,100,169,true,true,false,Synthetic demonstration only — not a BraTS scientific result.
SYNTH_00524,SYNTH_G0262,A,-T1,WT,0.6112600536193029,0.3887399463806971,0.3874792375510357,-0.24725805072777696,0.21717787768338787,0.10650040107401679,125,248,true,true,false,Synthetic demonstration only — not a BraTS scientific result.
SYNTH_00524,SYNTH_G0262,A,-T1,TC,0.5894039735099338,0.4105960264900662,0.3653391918474728,-0.27624398841451975,0.21033605409421852,0.09887072728969427,100,202,true,true,false,Synthetic demonstration only — not a BraTS scientific result.
SYNTH_00524,SYNTH_G0262,A,-T1,ET,0.5796178343949044,0.42038216560509556,0.3577789969902625,-0.3896820431348987,0.21499924735932532,0.1013163416667925,100,214,true,true,false,Synthetic demonstration only — not a BraTS scientific result.
SYNTH_00524,SYNTH_G0262,A,-T1c,WT,0.529126213592233,0.470873786407767,0.4038632355271635,-0.33909360156736784,0.2388141393671188,0.13069004960976502,125,287,true,true,false,Synthetic demonstration only — not a BraTS scientific result.
SYNTH_00524,SYNTH_G0262,A,-T1c,TC,0.4827586206896552,0.5172413793103448,0.3567962186844266,-0.39902902201907536,0.23503962086104163,0.12183185871017452,100,248,true,true,false,Synthetic demonstration only — not a BraTS scientific result.
SYNTH_00524,SYNTH_G0262,A,-T1c,ET,0.430939226519337,0.569060773480663,0.3674385780966372,-0.48913654591070904,0.2437026183631651,0.13068131010947484,100,262,true,true,false,Synthetic demonstration only — not a BraTS scientific result.
SYNTH_00524,SYNTH_G0262,A,-T2,WT,0.632183908045977,0.367816091954023,0.3617361035602447,-0.2414738131988914,0.1991326523149534,0.10075042294739332,125,223,true,true,false,Synthetic demonstration only — not a BraTS scientific result.
SYNTH_00524,SYNTH_G0262,A,-T2,TC,0.5650793650793651,0.43492063492063493,0.35741914703235894,-0.28125106008009937,0.2154461092319255,0.1021031918066346,100,215,true,true,false,Synthetic demonstration only — not a BraTS scientific result.
SYNTH_00524,SYNTH_G0262,A,-T2,ET,0.5510835913312694,0.4489164086687306,0.3673157965090189,-0.3897187478171034,0.21633045675561235,0.10336490406648483,100,223,true,true,false,Synthetic demonstration only — not a BraTS scientific result.
SYNTH_00524,SYNTH_G0262,A,-FLAIR,WT,0.6193181818181818,0.38068181818181823,0.38856223669122253,-0.23831654172956918,0.19771097791753947,0.1051197451697304,125,227,true,true,false,Synthetic demonstration only — not a BraTS scientific result.
SYNTH_00524,SYNTH_G0262,A,-FLAIR,TC,0.5641025641025641,0.4358974358974359,0.3687160358903419,-0.2872382502248772,0.22463240407988552,0.10325935042197626,100,212,true,true,false,Synthetic demonstration only — not a BraTS scientific result.
SYNTH_00524,SYNTH_G0262,A,-FLAIR,ET,0.5816993464052288,0.4183006535947712,0.3453750394944708,-0.39209133047736505,0.21161311526585927,0.10078483833121026,100,206,true,true,false,Synthetic demonstration only — not a BraTS scientific result.
SYNTH_00525,SYNTH_G0262,A,Full,WT,1.0,0.0,0.99734395750332,-0.1230775928649394,0.09954101260008631,0.013225284521096259,125,125,true,true,false,Synthetic demonstration only — not a BraTS scientific result.
SYNTH_00525,SYNTH_G0262,A,Full,TC,1.0,0.0,0.9933829203815904,-0.14886834417695874,0.09789978118417375,0.012673928103619024,100,100,true,true,false,Synthetic demonstration only — not a BraTS scientific result.
SYNTH_00525,SYNTH_G0262,A,Full,ET,1.0,0.0,0.9966832504145937,-0.22830382705076102,0.10171068327819183,0.013927017446525853,100,100,true,true,false,Synthetic demonstration only — not a BraTS scientific result.
SYNTH_00525,SYNTH_G0262,A,-T1,WT,0.9960159362549801,0.003984063745019917,0.6741088429772597,-0.24725805072777696,0.1449822104337937,0.03135064314816712,125,126,true,true,false,Synthetic demonstration only — not a BraTS scientific result.
SYNTH_00525,SYNTH_G0262,A,-T1,TC,0.9803921568627451,0.019607843137254943,0.6243304580272522,-0.27624398841451975,0.14522244762448974,0.03160459193747088,100,104,true,true,false,Synthetic demonstration only — not a BraTS scientific result.
SYNTH_00525,SYNTH_G0262,A,-T1,ET,0.9900990099009901,0.00990099009900991,0.6029715168472307,-0.3896820431348987,0.14604962554377768,0.031534629309733594,100,102,true,true,false,Synthetic demonstration only — not a BraTS scientific result.
SYNTH_00525,SYNTH_G0262,A,-T1c,WT,0.9253731343283582,0.07462686567164178,0.5019645708916329,-0.33909360156736784,0.17225617341193702,0.049811815583184836,125,143,true,true,false,Synthetic demonstration only — not a BraTS scientific result.
SYNTH_00525,SYNTH_G0262,A,-T1c,TC,0.9023255813953488,0.0976744186046512,0.4353244159608625,-0.39902902201907536,0.1749162366460741,0.051669546842089915,100,115,true,true,false,Synthetic demonstration only — not a BraTS scientific result.
SYNTH_00525,SYNTH_G0262,A,-T1c,ET,0.9158878504672897,0.08411214953271029,0.4470927096840825,-0.48913654591070904,0.16933471247403817,0.04989071095653066,100,114,true,true,false,Synthetic demonstration only — not a BraTS scientific result.
SYNTH_00525,SYNTH_G0262,A,-T2,WT,0.9960159362549801,0.003984063745019917,0.655671225039622,-0.2414738131988914,0.14904363001451268,0.032541594269172774,125,126,true,true,false,Synthetic demonstration only — not a BraTS scientific result.
SYNTH_00525,SYNTH_G0262,A,-T2,TC,0.9900990099009901,0.00990099009900991,0.6384669539016079,-0.28125106008009937,0.14273565208616976,0.03089647998554682,100,102,true,true,false,Synthetic demonstration only — not a BraTS scientific result.
SYNTH_00525,SYNTH_G0262,A,-T2,ET,0.9950248756218906,0.00497512437810943,0.6574393300323981,-0.3897187478171034,0.14051331150472798,0.03012971795736027,100,101,true,true,false,Synthetic demonstration only — not a BraTS scientific result.
SYNTH_00525,SYNTH_G0262,A,-FLAIR,WT,0.984251968503937,0.015748031496062964,0.7135033767755083,-0.23831654172956918,0.14219621933519927,0.031242966464273592,125,129,true,true,false,Synthetic demonstration only — not a BraTS scientific result.
SYNTH_00525,SYNTH_G0262,A,-FLAIR,TC,1.0,0.0,0.6363060215563514,-0.2872382502248772,0.14537981282991747,0.031091089056951012,100,100,true,true,false,Synthetic demonstration only — not a BraTS scientific result.
SYNTH_00525,SYNTH_G0262,A,-FLAIR,ET,0.9950248756218906,0.00497512437810943,0.6172654903471271,-0.39209133047736505,0.15158499478683252,0.033036457405182185,100,101,true,true,false,Synthetic demonstration only — not a BraTS scientific result.
SYNTH_00526,SYNTH_G0263,A,Full,WT,0.9580838323353293,0.041916167664670656,0.44738706841132214,-0.1230775928649394,0.15675633350221954,0.040773225898613215,80,87,true,true,false,Synthetic demonstration only — not a BraTS scientific result.
SYNTH_00526,SYNTH_G0263,A,Full,TC,0.9516129032258065,0.048387096774193505,0.4236919344833014,-0.14886834417695874,0.16563922304766804,0.041573962017766364,60,64,true,true,false,Synthetic demonstration only — not a BraTS scientific result.
SYNTH_00526,SYNTH_G0263,A,Full,ET,0.916030534351145,0.08396946564885499,0.36483620398514016,-0.22830382705076102,0.16178619653332016,0.04313793400205754,60,71,true,true,false,Synthetic demonstration only — not a BraTS scientific result.
SYNTH_00526,SYNTH_G0263,A,-T1,WT,0.7488151658767772,0.2511848341232228,0.3580183305101585,-0.24725805072777696,0.194329918152584,0.07049907136166488,80,131,true,true,false,Synthetic demonstration only — not a BraTS scientific result.
SYNTH_00526,SYNTH_G0263,A,-T1,TC,0.7421383647798742,0.25786163522012584,0.3058039417238324,-0.27624398841451975,0.18779258175524222,0.06399882386726954,60,99,true,true,false,Synthetic demonstration only — not a BraTS scientific result.
SYNTH_00526,SYNTH_G0263,A,-T1,ET,0.6666666666666666,0.33333333333333337,0.33488745823828814,-0.3896820431348987,0.20084651422209862,0.0712801013571669,60,114,true,true,false,Synthetic demonstration only — not a BraTS scientific result.
SYNTH_00526,SYNTH_G0263,A,-T1c,WT,0.59375,0.40625,0.3345984120170135,-0.33909360156736784,0.21150944048546108,0.08645987853802162,80,176,true,true,false,Synthetic demonstration only — not a BraTS scientific result.
SYNTH_00526,SYNTH_G0263,A,-T1c,TC,0.5137614678899083,0.4862385321100917,0.3269260866562371,-0.39902902201907536,0.21685623202150567,0.08976546965397983,60,158,true,true,false,Synthetic demonstration only — not a BraTS scientific result.
SYNTH_00526,SYNTH_G0263,A,-T1c,ET,0.507177033492823,0.49282296650717705,0.3075584869939861,-0.48913654591070904,0.21842385497689087,0.09177759906197704,60,149,true,true,false,Synthetic demonstration only — not a BraTS scientific result.
SYNTH_00526,SYNTH_G0263,A,-T2,WT,0.7307692307692307,0.2692307692307693,0.33796654148601357,-0.2414738131988914,0.1947529603091597,0.06649817482224316,80,128,true,true,false,Synthetic demonstration only — not a BraTS scientific result.
SYNTH_00526,SYNTH_G0263,A,-T2,TC,0.6,0.4,0.29506137909974234,-0.28125106008009937,0.20859648852738866,0.07882233317248398,60,120,true,true,false,Synthetic demonstration only — not a BraTS scientific result.
SYNTH_00526,SYNTH_G0263,A,-T2,ET,0.6358381502890174,0.36416184971098264,0.34198245612511335,-0.3897187478171034,0.19142895976889426,0.06927648711542495,60,113,true,true,false,Synthetic demonstration only — not a BraTS scientific result.
SYNTH_00526,SYNTH_G0263,A,-FLAIR,WT,0.7609756097560976,0.23902439024390243,0.35107996965704474,-0.23831654172956918,0.1990159794087318,0.06972885564522416,80,125,true,true,false,Synthetic demonstration only — not a BraTS scientific result.
SYNTH_00526,SYNTH_G0263,A,-FLAIR,TC,0.6666666666666666,0.33333333333333337,0.2907997251960839,-0.2872382502248772,0.18641649335600396,0.06796426990944429,60,105,true,true,false,Synthetic demonstration only — not a BraTS scientific result.
SYNTH_00526,SYNTH_G0263,A,-FLAIR,ET,0.6783625730994152,0.32163742690058483,0.3072357328148597,-0.39209133047736505,0.19395230310008066,0.06806565767454388,60,111,true,true,false,Synthetic demonstration only — not a BraTS scientific result.
SYNTH_00527,SYNTH_G0263,A,Full,WT,0.9201520912547528,0.07984790874524716,0.5275681028459852,-0.1230775928649394,0.16539443968626574,0.0484222420961654,125,138,true,true,false,Synthetic demonstration only — not a BraTS scientific result.
SYNTH_00527,SYNTH_G0263,A,Full,TC,0.908256880733945,0.09174311926605505,0.4312667940456296,-0.14886834417695874,0.1652036802416555,0.04911728999497479,100,118,true,true,false,Synthetic demonstration only — not a BraTS scientific result.
SYNTH_00527,SYNTH_G0263,A,Full,ET,0.9090909090909091,0.09090909090909094,0.4613671170948756,-0.22830382705076102,0.17178604633385786,0.04964039299779603,100,120,true,true,false,Synthetic demonstration only — not a BraTS scientific result.
SYNTH_00527,SYNTH_G0263,A,-T1,WT,0.7381703470031545,0.26182965299684546,0.4079578935646946,-0.24725805072777696,0.19354821353749033,0.08183590356175961,125,192,true,true,false,Synthetic demonstration only — not a BraTS scientific result.
SYNTH_00527,SYNTH_G0263,A,-T1,TC,0.7578125,0.2421875,0.36124221764018283,-0.27624398841451975,0.1862181739972498,0.07130170751987064,100,156,true,true,false,Synthetic demonstration only — not a BraTS scientific result.
SYNTH_00527,SYNTH_G0263,A,-T1,ET,0.7218045112781954,0.27819548872180455,0.38998920480763405,-0.3896820431348987,0.1904667739941524,0.07841990641246493,100,166,true,true,false,Synthetic demonstration only — not a BraTS scientific result.
SYNTH_00527,SYNTH_G0263,A,-T1c,WT,0.6786786786786787,0.3213213213213213,0.38692114902641217,-0.33909360156736784,0.2069751124718601,0.09305687138185857,125,208,true,true,false,Synthetic demonstration only — not a BraTS scientific result.
SYNTH_00527,SYNTH_G0263,A,-T1c,TC,0.5784615384615385,0.42153846153846153,0.38462403545255314,-0.39902902201907536,0.21679044334450737,0.10299817430153715,100,225,true,true,false,Synthetic demonstration only — not a BraTS scientific result.
SYNTH_00527,SYNTH_G0263,A,-T1c,ET,0.6148867313915858,0.3851132686084142,0.40512734169710934,-0.48913654591070904,0.21085472512883519,0.10042051484262339,100,209,true,true,false,Synthetic demonstration only — not a BraTS scientific result.
SYNTH_00527,SYNTH_G0263,A,-T2,WT,0.7412140575079872,0.2587859424920128,0.3991432327561842,-0.2414738131988914,0.1841943780407039,0.08049916382533892,125,188,true,true,false,Synthetic demonstration only — not a BraTS scientific result.
SYNTH_00527,SYNTH_G0263,A,-T2,TC,0.6526315789473685,0.34736842105263155,0.39030840347105306,-0.28125106008009937,0.20098641384789462,0.0830990157770804,100,185,true,true,false,Synthetic demonstration only — not a BraTS scientific result.
SYNTH_00527,SYNTH_G0263,A,-T2,ET,0.7218045112781954,0.27819548872180455,0.3770336371039319,-0.3897187478171034,0.1981824949100658,0.07731027669605174,100,166,true,true,false,Synthetic demonstration only — not a BraTS scientific result.
SYNTH_00527,SYNTH_G0263,A,-FLAIR,WT,0.7443365695792881,0.25566343042071193,0.40189253556387666,-0.23831654172956918,0.18638485213861786,0.07888713948014861,125,184,true,true,false,Synthetic demonstration only — not a BraTS scientific result.
SYNTH_00527,SYNTH_G0263,A,-FLAIR,TC,0.6840148698884758,0.3159851301115242,0.35700848837837146,-0.2872382502248772,0.19964928132104726,0.08012269733342503,100,169,true,true,false,Synthetic demonstration only — not a BraTS scientific result.
SYNTH_00527,SYNTH_G0263,A,-FLAIR,ET,0.6766917293233082,0.32330827067669177,0.3533085045336218,-0.39209133047736505,0.19001196553390406,0.07982602728712374,100,166,true,true,false,Synthetic demonstration only — not a BraTS scientific result.
SYNTH_00528,SYNTH_G0264,A,Full,WT,1.0,0.0,0.9661658210625366,-0.1230775928649394,0.11110993629421088,0.01695010873672942,125,125,true,true,false,Synthetic demonstration only — not a BraTS scientific result.
SYNTH_00528,SYNTH_G0264,A,Full,TC,1.0,0.0,0.9584859584859585,-0.14886834417695874,0.11438629775768987,0.018091985278633167,100,100,true,true,false,Synthetic demonstration only — not a BraTS scientific result.
SYNTH_00528,SYNTH_G0264,A,Full,ET,1.0,0.0,0.946059667031231,-0.22830382705076102,0.11081675773745461,0.017403826346567605,100,100,true,true,false,Synthetic demonstration only — not a BraTS scientific result.
SYNTH_00528,SYNTH_G0264,A,-T1,WT,0.9802371541501976,0.01976284584980237,0.5988486320404115,-0.24725805072777696,0.15420043391149113,0.03690411538879791,125,128,true,true,false,Synthetic demonstration only — not a BraTS scientific result.
SYNTH_00528,SYNTH_G0264,A,-T1,TC,0.9473684210526315,0.052631578947368474,0.5690370737814312,-0.27624398841451975,0.15449593062877096,0.039136367116800026,100,109,true,true,false,Synthetic demonstration only — not a BraTS scientific result.
SYNTH_00528,SYNTH_G0264,A,-T1,ET,0.9478672985781991,0.05213270142180093,0.5397505485421127,-0.3896820431348987,0.16192203454039736,0.04143121648548373,100,111,true,true,false,Synthetic demonstration only — not a BraTS scientific result.
SYNTH_00528,SYNTH_G0264,A,-T1c,WT,0.8491228070175438,0.15087719298245617,0.4398607393411361,-0.33909360156736784,0.17989869491848728,0.06085158563544744,125,160,true,true,false,Synthetic demonstration only — not a BraTS scientific result.
SYNTH_00528,SYNTH_G0264,A,-T1c,TC,0.8546255506607929,0.14537444933920707,0.435617323852618,-0.39902902201907536,0.17708696308201186,0.056710153479933766,100,127,true,true,false,Synthetic demonstration only — not a BraTS scientific result.
SYNTH_00528,SYNTH_G0264,A,-T1c,ET,0.8376068376068376,0.16239316239316237,0.40031804573017,-0.48913654591070904,0.1783558144005598,0.05787559647317026,100,134,true,true,false,Synthetic demonstration only — not a BraTS scientific result.
SYNTH_00528,SYNTH_G0264,A,-T2,WT,0.9727626459143969,0.027237354085603127,0.5845859411637854,-0.2414738131988914,0.15454880559307246,0.03756405649626036,125,132,true,true,false,Synthetic demonstration only — not a BraTS scientific result.
SYNTH_00528,SYNTH_G0264,A,-T2,TC,0.9433962264150944,0.05660377358490565,0.5684792843691149,-0.28125106008009937,0.1553785617117819,0.03979216816884589,100,112,true,true,false,Synthetic demonstration only — not a BraTS scientific result.
SYNTH_00528,SYNTH_G0264,A,-T2,ET,0.9339622641509434,0.06603773584905659,0.5557519288327689,-0.3897187478171034,0.1592745675505643,0.040272393917889546,100,112,true,true,false,Synthetic demonstration only — not a BraTS scientific result.
SYNTH_00528,SYNTH_G0264,A,-FLAIR,WT,0.9501915708812261,0.04980842911877392,0.5882573077025766,-0.23831654172956918,0.15685201933765427,0.0398340819393959,125,136,true,true,false,Synthetic demonstration only — not a BraTS scientific result.
SYNTH_00528,SYNTH_G0264,A,-FLAIR,TC,0.9658536585365853,0.034146341463414664,0.5278571428571428,-0.2872382502248772,0.1590621227883777,0.039958605104371096,100,105,true,true,false,Synthetic demonstration only — not a BraTS scientific result.
SYNTH_00528,SYNTH_G0264,A,-FLAIR,ET,0.9569377990430622,0.0430622009569378,0.5538852995388366,-0.39209133047736505,0.1592172345429116,0.04031176380212992,100,109,true,true,false,Synthetic demonstration only — not a BraTS scientific result.
SYNTH_00529,SYNTH_G0264,A,Full,WT,0.845771144278607,0.154228855721393,0.49034937161806313,-0.1230775928649394,0.18038838456890988,0.06671946889417417,180,222,true,true,false,Synthetic demonstration only — not a BraTS scientific result.
SYNTH_00529,SYNTH_G0264,A,Full,TC,0.8387096774193549,0.16129032258064513,0.4448031685400974,-0.14886834417695874,0.18758364287957205,0.06776687781428699,150,191,true,true,false,Synthetic demonstration only — not a BraTS scientific result.
SYNTH_00529,SYNTH_G0264,A,Full,ET,0.8224852071005917,0.1775147928994083,0.45648024530587533,-0.22830382705076102,0.17484825215365538,0.07167789575127426,150,188,true,true,false,Synthetic demonstration only — not a BraTS scientific result.
SYNTH_00529,SYNTH_G0264,A,-T1,WT,0.7568807339449541,0.24311926605504586,0.4333677866941435,-0.24725805072777696,0.17693387220699164,0.09621818692421473,180,256,true,true,false,Synthetic demonstration only — not a BraTS scientific result.
SYNTH_00529,SYNTH_G0264,A,-T1,TC,0.6736292428198434,0.3263707571801566,0.40728362828348336,-0.27624398841451975,0.18390495331141843,0.0987887984002397,150,233,true,true,false,Synthetic demonstration only — not a BraTS scientific result.
SYNTH_00529,SYNTH_G0264,A,-T1,ET,0.659846547314578,0.34015345268542196,0.4190128338678239,-0.3896820431348987,0.19264950303115647,0.1028100895466042,150,241,true,true,false,Synthetic demonstration only — not a BraTS scientific result.
SYNTH_00529,SYNTH_G0264,A,-T1c,WT,0.6244725738396625,0.3755274261603375,0.4123951968961811,-0.33909360156736784,0.18743193243497241,0.12077214855621096,180,294,true,true,false,Synthetic demonstration only — not a BraTS scientific result.
SYNTH_00529,SYNTH_G0264,A,-T1c,TC,0.5775656324582339,0.4224343675417661,0.4040961896072522,-0.39902902201907536,0.2011077322090892,0.11751740261976648,150,269,true,true,false,Synthetic demonstration only — not a BraTS scientific result.
SYNTH_00529,SYNTH_G0264,A,-T1c,ET,0.6143187066974596,0.3856812933025404,0.43249295553517275,-0.48913654591070904,0.20658043663766215,0.11681845383657949,150,283,true,true,false,Synthetic demonstration only — not a BraTS scientific result.
SYNTH_00529,SYNTH_G0264,A,-T2,WT,0.7264367816091954,0.27356321839080455,0.42530458649983227,-0.2414738131988914,0.18335912931302617,0.09953924517171002,180,255,true,true,false,Synthetic demonstration only — not a BraTS scientific result.
SYNTH_00529,SYNTH_G0264,A,-T2,TC,0.6716417910447762,0.32835820895522383,0.43443527950259,-0.28125106008009937,0.1866664876064938,0.09898764353263277,150,252,true,true,false,Synthetic demonstration only — not a BraTS scientific result.
SYNTH_00529,SYNTH_G0264,A,-T2,ET,0.7091836734693877,0.2908163265306123,0.40050111566072316,-0.3897187478171034,0.19348546113549037,0.09642366338882263,150,242,true,true,false,Synthetic demonstration only — not a BraTS scientific result.
SYNTH_00529,SYNTH_G0264,A,-FLAIR,WT,0.7612612612612613,0.23873873873873874,0.4412900133904132,-0.23831654172956918,0.19415222352876702,0.09084614323897382,180,264,true,true,false,Synthetic demonstration only — not a BraTS scientific result.
SYNTH_00529,SYNTH_G0264,A,-FLAIR,TC,0.7046070460704607,0.29539295392953935,0.39576617902305977,-0.2872382502248772,0.18596744846041396,0.09310562429979402,150,219,true,true,false,Synthetic demonstration only — not a BraTS scientific result.
SYNTH_00529,SYNTH_G0264,A,-FLAIR,ET,0.7058823529411765,0.2941176470588235,0.40070074852683546,-0.39209133047736505,0.18372372921478758,0.09336476484746678,150,224,true,true,false,Synthetic demonstration only — not a BraTS scientific result.
SYNTH_00530,SYNTH_G0265,A,Full,WT,0.602510460251046,0.39748953974895396,0.31321268166985755,-0.1230775928649394,0.20761359451867575,0.08981719473734685,80,159,true,true,false,Synthetic demonstration only — not a BraTS scientific result.
SYNTH_00530,SYNTH_G0265,A,Full,TC,0.45021645021645024,0.5497835497835497,0.30738812962712053,-0.14886834417695874,0.23164242861611858,0.10155011217254943,60,171,true,true,false,Synthetic demonstration only — not a BraTS scientific result.
SYNTH_00530,SYNTH_G0265,A,Full,ET,0.4890829694323144,0.5109170305676856,0.32576275765028906,-0.22830382705076102,0.22709002719284796,0.09347355701682257,60,169,true,true,false,Synthetic demonstration only — not a BraTS scientific result.
SYNTH_00530,SYNTH_G0265,A,-T1,WT,0.4930555555555556,0.5069444444444444,0.3473637394465758,-0.24725805072777696,0.24247379700659305,0.11437647257649286,80,208,true,true,false,Synthetic demonstration only — not a BraTS scientific result.
SYNTH_00530,SYNTH_G0265,A,-T1,TC,0.36900369003690037,0.6309963099630996,0.30672471315252947,-0.27624398841451975,0.2484908701816393,0.12103935445530516,60,211,true,true,false,Synthetic demonstration only — not a BraTS scientific result.
SYNTH_00530,SYNTH_G0265,A,-T1,ET,0.36303630363036304,0.636963696369637,0.3242410752906242,-0.3896820431348987,0.26432222564775054,0.1239447077017269,60,243,true,true,false,Synthetic demonstration only — not a BraTS scientific result.
SYNTH_00530,SYNTH_G0265,A,-T1c,WT,0.3817663817663818,0.6182336182336182,0.36087803355673304,-0.33909360156736784,0.2629623602999547,0.1376387908394271,80,271,true,true,false,Synthetic demonstration only — not a BraTS scientific result.
SYNTH_00530,SYNTH_G0265,A,-T1c,TC,0.35526315789473684,0.6447368421052632,0.3213757371702809,-0.39902902201907536,0.26477411398385203,0.1295270165472715,60,244,true,true,false,Synthetic demonstration only — not a BraTS scientific result.
SYNTH_00530,SYNTH_G0265,A,-T1c,ET,0.267515923566879,0.7324840764331211,0.31572351214848937,-0.48913654591070904,0.2735228478952523,0.14423673572660353,60,254,true,true,false,Synthetic demonstration only — not a BraTS scientific result.
SYNTH_00530,SYNTH_G0265,A,-T2,WT,0.4336569579288026,0.5663430420711975,0.3340364442230081,-0.2414738131988914,0.24468647493672,0.12012298208032703,80,229,true,true,false,Synthetic demonstration only — not a BraTS scientific result.
SYNTH_00530,SYNTH_G0265,A,-T2,TC,0.33766233766233766,0.6623376623376623,0.34626139493426666,-0.28125106008009937,0.26357686456191864,0.1272483909479441,60,248,true,true,false,Synthetic demonstration only — not a BraTS scientific result.
SYNTH_00530,SYNTH_G0265,A,-T2,ET,0.3727598566308244,0.6272401433691757,0.3164864454706952,-0.3897187478171034,0.25404576425984887,0.1196149346398717,60,219,true,true,false,Synthetic demonstration only — not a BraTS scientific result.
SYNTH_00530,SYNTH_G0265,A,-FLAIR,WT,0.43478260869565216,0.5652173913043479,0.36231590973661776,-0.23831654172956918,0.25667385747298493,0.12516444037859306,80,242,true,true,false,Synthetic demonstration only — not a BraTS scientific result.
SYNTH_00530,SYNTH_G0265,A,-FLAIR,TC,0.3623693379790941,0.6376306620209059,0.3302897883903609,-0.2872382502248772,0.2537683465387899,0.1221194102784841,60,227,true,true,false,Synthetic demonstration only — not a BraTS scientific result.
SYNTH_00530,SYNTH_G0265,A,-FLAIR,ET,0.32764505119453924,0.6723549488054608,0.3428071975684951,-0.39209133047736505,0.25854949203721844,0.12708827186877716,60,233,true,true,false,Synthetic demonstration only — not a BraTS scientific result.
SYNTH_00531,SYNTH_G0265,A,Full,WT,0.7009345794392523,0.2990654205607477,0.35221771305376776,-0.1230775928649394,0.19060612544163394,0.07008151362610074,80,134,true,true,false,Synthetic demonstration only — not a BraTS scientific result.
SYNTH_00531,SYNTH_G0265,A,Full,TC,0.6863905325443787,0.31360946745562135,0.2722208402975066,-0.14886834417695874,0.19909383372889947,0.07248111087643158,60,109,true,true,false,Synthetic demonstration only — not a BraTS scientific result.
SYNTH_00531,SYNTH_G0265,A,Full,ET,0.0,1.0,0.16444880790120486,-0.22830382705076102,0.21964496664572083,0.07491550912645492,0,72,true,true,false,Synthetic demonstration only — not a BraTS scientific result.
SYNTH_00531,SYNTH_G0265,A,-T1,WT,0.5182481751824818,0.4817518248175182,0.34992181140844164,-0.24725805072777696,0.21918900947482847,0.10224218543887299,80,194,true,true,false,Synthetic demonstration only — not a BraTS scientific result.
SYNTH_00531,SYNTH_G0265,A,-T1,TC,0.44166666666666665,0.5583333333333333,0.3046593664799074,-0.27624398841451975,0.23448753066678465,0.10136252597882546,60,180,true,true,false,Synthetic demonstration only — not a BraTS scientific result.
SYNTH_00531,SYNTH_G0265,A,-T1,ET,0.0,1.0,0.23402388616082956,-0.3896820431348987,0.26091016145068757,0.10399990706385381,0,137,true,true,false,Synthetic demonstration only — not a BraTS scientific result.
SYNTH_00531,SYNTH_G0265,A,-T1c,WT,0.43037974683544306,0.5696202531645569,0.3570145901741363,-0.33909360156736784,0.24136023213993793,0.12116183719045864,80,236,true,true,false,Synthetic demonstration only — not a BraTS scientific result.
SYNTH_00531,SYNTH_G0265,A,-T1c,TC,0.381294964028777,0.618705035971223,0.32196061132343257,-0.39902902201907536,0.2428208816195365,0.11544984532341435,60,218,true,true,false,Synthetic demonstration only — not a BraTS scientific result.
SYNTH_00531,SYNTH_G0265,A,-T1c,ET,0.0,1.0,0.2862002341776052,-0.48913654591070904,0.28591959367764097,0.12670594938535024,0,190,true,true,false,Synthetic demonstration only — not a BraTS scientific result.
SYNTH_00531,SYNTH_G0265,A,-T2,WT,0.5247148288973384,0.47528517110266155,0.33435583649007256,-0.2414738131988914,0.21862505545981195,0.10252826920921872,80,183,true,true,false,Synthetic demonstration only — not a BraTS scientific result.
SYNTH_00531,SYNTH_G0265,A,-T2,TC,0.43983402489626555,0.5601659751037344,0.3101906867005561,-0.28125106008009937,0.23404544110374242,0.10286260887805246,60,181,true,true,false,Synthetic demonstration only — not a BraTS scientific result.
SYNTH_00531,SYNTH_G0265,A,-T2,ET,0.0,1.0,0.2524487267376177,-0.3897187478171034,0.2540065764904082,0.10173990019964298,0,148,true,true,false,Synthetic demonstration only — not a BraTS scientific result.
SYNTH_00531,SYNTH_G0265,A,-FLAIR,WT,0.5159010600706714,0.4840989399293286,0.33940695561723205,-0.23831654172956918,0.23118098529261666,0.1050546057921597,80,203,true,true,false,Synthetic demonstration only — not a BraTS scientific result.
SYNTH_00531,SYNTH_G0265,A,-FLAIR,TC,0.4340425531914894,0.5659574468085107,0.3216905759468047,-0.2872382502248772,0.2263625120781904,0.1013218510193516,60,175,true,true,false,Synthetic demonstration only — not a BraTS scientific result.
SYNTH_00531,SYNTH_G0265,A,-FLAIR,ET,0.0,1.0,0.25369782298363475,-0.39209133047736505,0.25785597894412515,0.10240530519975097,0,132,true,true,false,Synthetic demonstration only — not a BraTS scientific result.
SYNTH_00500,SYNTH_G0250,B,Full,WT,0.9037037037037037,0.09629629629629632,0.4731814924201272,-0.07013171860131184,0.1740579207799989,0.051869959598433026,125,145,true,true,false,Synthetic demonstration only — not a BraTS scientific result.
SYNTH_00500,SYNTH_G0250,B,Full,TC,0.8839285714285714,0.1160714285714286,0.4332158921033948,-0.08700380831763392,0.1735133132712111,0.05088050623390652,100,124,true,true,false,Synthetic demonstration only — not a BraTS scientific result.
SYNTH_00500,SYNTH_G0250,B,Full,ET,0.8546255506607929,0.14537444933920707,0.4224810663158568,-0.17141743508109533,0.17106365208836877,0.05467565781770703,100,127,true,true,false,Synthetic demonstration only — not a BraTS scientific result.
SYNTH_00500,SYNTH_G0250,B,-T1,WT,0.821917808219178,0.17808219178082196,0.3979408569661602,-0.11954674845612949,0.18135413517677554,0.07008300536742786,125,167,true,true,false,Synthetic demonstration only — not a BraTS scientific result.
SYNTH_00500,SYNTH_G0250,B,-T1,TC,0.75,0.25,0.4033840026043163,-0.14374702321864194,0.18379466576623882,0.0695494165644473,100,148,true,true,false,Synthetic demonstration only — not a BraTS scientific result.
SYNTH_00500,SYNTH_G0250,B,-T1,ET,0.7471698113207547,0.25283018867924534,0.3675314675449787,-0.2570879069589361,0.19108824922669077,0.07115819658310601,100,165,true,true,false,Synthetic demonstration only — not a BraTS scientific result.
SYNTH_00500,SYNTH_G0250,B,-T1c,WT,0.6824925816023739,0.3175074183976261,0.3866957859709049,-0.2151958714014488,0.19671965113691448,0.09353139241946423,125,212,true,true,false,Synthetic demonstration only — not a BraTS scientific result.
SYNTH_00500,SYNTH_G0250,B,-T1c,TC,0.5714285714285714,0.4285714285714286,0.3622047060824458,-0.24788230233170894,0.21383852218519273,0.09972382796551374,100,201,true,true,false,Synthetic demonstration only — not a BraTS scientific result.
SYNTH_00500,SYNTH_G0250,B,-T1c,ET,0.6690140845070423,0.33098591549295775,0.3561935038706303,-0.3484396722721205,0.20269193364658047,0.09064256801561603,100,184,true,true,false,Synthetic demonstration only — not a BraTS scientific result.
SYNTH_00500,SYNTH_G0250,B,-T2,WT,0.7272727272727273,0.2727272727272727,0.4048751775217139,-0.12063983940786248,0.18122173120164725,0.07580726136102255,125,183,true,true,false,Synthetic demonstration only — not a BraTS scientific result.
SYNTH_00500,SYNTH_G0250,B,-T2,TC,0.7114624505928854,0.2885375494071146,0.3866093855762388,-0.14075247427501372,0.1822491010347681,0.0717345194535073,100,153,true,true,false,Synthetic demonstration only — not a BraTS scientific result.
SYNTH_00500,SYNTH_G0250,B,-T2,ET,0.7401574803149606,0.25984251968503935,0.391256687858209,-0.26298755452412786,0.18452025114702147,0.07197629840056703,100,154,true,true,false,Synthetic demonstration only — not a BraTS scientific result.
SYNTH_00500,SYNTH_G0250,B,-FLAIR,WT,0.8263888888888888,0.17361111111111116,0.4168118166260725,-0.11740917168902659,0.17352006489818453,0.06530888922547232,125,163,true,true,false,Synthetic demonstration only — not a BraTS scientific result.
SYNTH_00500,SYNTH_G0250,B,-FLAIR,TC,0.7966804979253111,0.20331950207468885,0.3738406378126937,-0.1437149009893499,0.18607655544257087,0.06870024677170719,100,141,true,true,false,Synthetic demonstration only — not a BraTS scientific result.
SYNTH_00500,SYNTH_G0250,B,-FLAIR,ET,0.7619047619047619,0.23809523809523814,0.39595876215091375,-0.25497995287723435,0.1897508684629237,0.07050351992473732,100,152,true,true,false,Synthetic demonstration only — not a BraTS scientific result.
SYNTH_00501,SYNTH_G0250,B,Full,WT,0.735202492211838,0.264797507788162,0.40887890794812637,-0.07013171860131184,0.18848269629341824,0.08020798863909412,125,196,true,true,false,Synthetic demonstration only — not a BraTS scientific result.
SYNTH_00501,SYNTH_G0250,B,Full,TC,0.6544117647058824,0.34558823529411764,0.3680615029178036,-0.08700380831763392,0.19971767423315098,0.08481988785260014,100,172,true,true,false,Synthetic demonstration only — not a BraTS scientific result.
SYNTH_00501,SYNTH_G0250,B,Full,ET,0.6793893129770993,0.32061068702290074,0.36135808635808636,-0.17141743508109533,0.1898205133532271,0.07939972196879522,100,162,true,true,false,Synthetic demonstration only — not a BraTS scientific result.
SYNTH_00501,SYNTH_G0250,B,-T1,WT,0.6766467065868264,0.32335329341317365,0.38963828688768437,-0.11954674845612949,0.19746933511544387,0.09368860659537943,125,209,true,true,false,Synthetic demonstration only — not a BraTS scientific result.
SYNTH_00501,SYNTH_G0250,B,-T1,TC,0.629757785467128,0.370242214532872,0.3757236226515938,-0.14374702321864194,0.2169770128423099,0.09934511746603454,100,189,true,true,false,Synthetic demonstration only — not a BraTS scientific result.
SYNTH_00501,SYNTH_G0250,B,-T1,ET,0.5882352941176471,0.4117647058823529,0.3772789054839322,-0.2570879069589361,0.20728134116686506,0.09688633112028283,100,206,true,true,false,Synthetic demonstration only — not a BraTS scientific result.
SYNTH_00501,SYNTH_G0250,B,-T1c,WT,0.5639686684073107,0.43603133159268925,0.37497251474516063,-0.2151958714014488,0.21985089951712042,0.11729703112741766,125,258,true,true,false,Synthetic demonstration only — not a BraTS scientific result.
SYNTH_00501,SYNTH_G0250,B,-T1c,TC,0.4911242603550296,0.5088757396449703,0.348436979384164,-0.24788230233170894,0.2350230086403826,0.11720810431604305,100,238,true,true,false,Synthetic demonstration only — not a BraTS scientific result.
SYNTH_00501,SYNTH_G0250,B,-T1c,ET,0.48467966573816157,0.5153203342618384,0.3833139246293599,-0.3484396722721205,0.24271518670583545,0.12497050884427881,100,259,true,true,false,Synthetic demonstration only — not a BraTS scientific result.
SYNTH_00501,SYNTH_G0250,B,-T2,WT,0.6057142857142858,0.39428571428571424,0.3904669002396401,-0.12063983940786248,0.20542115294880678,0.09850988841693617,125,225,true,true,false,Synthetic demonstration only — not a BraTS scientific result.
SYNTH_00501,SYNTH_G0250,B,-T2,TC,0.5791245791245792,0.42087542087542085,0.36557345583506035,-0.14075247427501372,0.21092705649071342,0.10087848545768985,100,197,true,true,false,Synthetic demonstration only — not a BraTS scientific result.
SYNTH_00501,SYNTH_G0250,B,-T2,ET,0.5559105431309904,0.4440894568690096,0.35659960646108324,-0.26298755452412786,0.21375407592697435,0.10122320283999808,100,213,true,true,false,Synthetic demonstration only — not a BraTS scientific result.
SYNTH_00501,SYNTH_G0250,B,-FLAIR,WT,0.6432748538011696,0.35672514619883045,0.38867725677585097,-0.11740917168902659,0.19591896601756387,0.09568019447983107,125,217,true,true,false,Synthetic demonstration only — not a BraTS scientific result.
SYNTH_00501,SYNTH_G0250,B,-FLAIR,TC,0.5966101694915255,0.40338983050847455,0.34999678595112355,-0.1437149009893499,0.20486733657655043,0.09555710330120773,100,195,true,true,false,Synthetic demonstration only — not a BraTS scientific result.
SYNTH_00501,SYNTH_G0250,B,-FLAIR,ET,0.5862068965517241,0.4137931034482759,0.3251343657304371,-0.25497995287723435,0.20046364035720576,0.09661305931175695,100,190,true,true,false,Synthetic demonstration only — not a BraTS scientific result.
SYNTH_00502,SYNTH_G0251,B,Full,WT,1.0,0.0,0.8956337093563371,-0.07013171860131184,0.11998141906297052,0.020600904858220758,125,125,true,true,false,Synthetic demonstration only — not a BraTS scientific result.
SYNTH_00502,SYNTH_G0251,B,Full,TC,1.0,0.0,0.8714727753664163,-0.08700380831763392,0.11767685975297529,0.020141416231039155,100,100,true,true,false,Synthetic demonstration only — not a BraTS scientific result.
SYNTH_00502,SYNTH_G0251,B,Full,ET,1.0,0.0,0.9117906371216469,-0.17141743508109533,0.11926567634049992,0.01977136698491971,100,100,true,true,false,Synthetic demonstration only — not a BraTS scientific result.
SYNTH_00502,SYNTH_G0251,B,-T1,WT,0.984251968503937,0.015748031496062964,0.6323537799357376,-0.11954674845612949,0.15253089352466118,0.03457427491620755,125,129,true,true,false,Synthetic demonstration only — not a BraTS scientific result.
SYNTH_00502,SYNTH_G0251,B,-T1,TC,0.9852216748768473,0.014778325123152691,0.6141912881954854,-0.14374702321864194,0.15112404667726176,0.034418702422869034,100,103,true,true,false,Synthetic demonstration only — not a BraTS scientific result.
SYNTH_00502,SYNTH_G0251,B,-T1,ET,0.9753694581280788,0.024630541871921152,0.6283079520732539,-0.2570879069589361,0.14474406683826238,0.03363599398243067,100,103,true,true,false,Synthetic demonstration only — not a BraTS scientific result.
SYNTH_00502,SYNTH_G0251,B,-T1c,WT,0.8664259927797834,0.13357400722021662,0.4767999428305999,-0.2151958714014488,0.1794627426080239,0.0599699148537299,125,152,true,true,false,Synthetic demonstration only — not a BraTS scientific result.
SYNTH_00502,SYNTH_G0251,B,-T1c,TC,0.8990825688073395,0.1009174311926605,0.4358339886904093,-0.24788230233170894,0.1723126318083708,0.054104296891581985,100,118,true,true,false,Synthetic demonstration only — not a BraTS scientific result.
SYNTH_00502,SYNTH_G0251,B,-T1c,ET,0.8888888888888888,0.11111111111111116,0.4324579032650365,-0.3484396722721205,0.17120992081108144,0.051670624420218705,100,125,true,true,false,Synthetic demonstration only — not a BraTS scientific result.
SYNTH_00502,SYNTH_G0251,B,-T2,WT,0.984251968503937,0.015748031496062964,0.6390750333444962,-0.12063983940786248,0.14815182776814304,0.0329302792501303,125,129,true,true,false,Synthetic demonstration only — not a BraTS scientific result.
SYNTH_00502,SYNTH_G0251,B,-T2,TC,0.9801980198019802,0.01980198019801982,0.6078583231286879,-0.14075247427501372,0.14688734468480108,0.03322772293913868,100,102,true,true,false,Synthetic demonstration only — not a BraTS scientific result.
SYNTH_00502,SYNTH_G0251,B,-T2,ET,0.9803921568627451,0.019607843137254943,0.5863892429409671,-0.26298755452412786,0.1498095577608206,0.03378787350449705,100,104,true,true,false,Synthetic demonstration only — not a BraTS scientific result.
SYNTH_00502,SYNTH_G0251,B,-FLAIR,WT,0.992,0.008000000000000007,0.6432129537313984,-0.11740917168902659,0.14512266213710012,0.03315265316926355,125,125,true,true,false,Synthetic demonstration only — not a BraTS scientific result.
SYNTH_00502,SYNTH_G0251,B,-FLAIR,TC,0.9753694581280788,0.024630541871921152,0.5711782848414662,-0.1437149009893499,0.14973548990309837,0.036107863743530436,100,103,true,true,false,Synthetic demonstration only — not a BraTS scientific result.
SYNTH_00502,SYNTH_G0251,B,-FLAIR,ET,0.975609756097561,0.024390243902439046,0.5908562444109109,-0.25497995287723435,0.15191952491953872,0.034830692766520135,100,105,true,true,false,Synthetic demonstration only — not a BraTS scientific result.
SYNTH_00503,SYNTH_G0251,B,Full,WT,0.9937888198757764,0.006211180124223614,0.8387591753630044,-0.07013171860131184,0.12511074806957367,0.021797909257962177,80,81,true,true,false,Synthetic demonstration only — not a BraTS scientific result.
SYNTH_00503,SYNTH_G0251,B,Full,TC,1.0,0.0,0.7480208075488104,-0.08700380831763392,0.12882227504958157,0.023527961426101012,60,60,true,true,false,Synthetic demonstration only — not a BraTS scientific result.
SYNTH_00503,SYNTH_G0251,B,Full,ET,1.0,0.0,0.7666294420638012,-0.17141743508109533,0.1294488677817784,0.023987039384862706,60,60,true,true,false,Synthetic demonstration only — not a BraTS scientific result.
SYNTH_00503,SYNTH_G0251,B,-T1,WT,0.9813664596273292,0.018633540372670843,0.5067656387558943,-0.11954674845612949,0.1564209196691572,0.03803252997500406,80,81,true,true,false,Synthetic demonstration only — not a BraTS scientific result.
SYNTH_00503,SYNTH_G0251,B,-T1,TC,0.9672131147540983,0.032786885245901676,0.4485767804713025,-0.14374702321864194,0.15110278272713046,0.03654371846418653,60,62,true,true,false,Synthetic demonstration only — not a BraTS scientific result.
SYNTH_00503,SYNTH_G0251,B,-T1,ET,0.9516129032258065,0.048387096774193505,0.4020672138345662,-0.2570879069589361,0.1591297142762081,0.039424469676047263,60,64,true,true,false,Synthetic demonstration only — not a BraTS scientific result.
SYNTH_00503,SYNTH_G0251,B,-T1c,WT,0.8235294117647058,0.17647058823529416,0.37708059681569644,-0.2151958714014488,0.18300948792107247,0.059840917437283946,80,107,true,true,false,Synthetic demonstration only — not a BraTS scientific result.
SYNTH_00503,SYNTH_G0251,B,-T1c,TC,0.725,0.275,0.336823659157625,-0.24788230233170894,0.18781781879217654,0.059674260917183,60,100,true,true,false,Synthetic demonstration only — not a BraTS scientific result.
SYNTH_00503,SYNTH_G0251,B,-T1c,ET,0.8082191780821918,0.1917808219178082,0.3271371711743639,-0.3484396722721205,0.185987099778517,0.057377782037879264,60,86,true,true,false,Synthetic demonstration only — not a BraTS scientific result.
SYNTH_00503,SYNTH_G0251,B,-T2,WT,0.9693251533742331,0.030674846625766916,0.5250943562344518,-0.12063983940786248,0.15191638600686344,0.0361250256218111,80,83,true,true,false,Synthetic demonstration only — not a BraTS scientific result.
SYNTH_00503,SYNTH_G0251,B,-T2,TC,0.96,0.040000000000000036,0.47550280516536647,-0.14075247427501372,0.14992177740405785,0.03609279226463495,60,65,true,true,false,Synthetic demonstration only — not a BraTS scientific result.
SYNTH_00503,SYNTH_G0251,B,-T2,ET,0.9375,0.0625,0.44062288889875095,-0.26298755452412786,0.15537182823233922,0.03774969321727023,60,68,true,true,false,Synthetic demonstration only — not a BraTS scientific result.
SYNTH_00503,SYNTH_G0251,B,-FLAIR,WT,0.9523809523809523,0.04761904761904767,0.4990998839426098,-0.11740917168902659,0.1605933493574563,0.03889627673576048,80,88,true,true,false,Synthetic demonstration only — not a BraTS scientific result.
SYNTH_00503,SYNTH_G0251,B,-FLAIR,TC,0.96,0.040000000000000036,0.47919045991886555,-0.1437149009893499,0.1569441541697473,0.03703797502996189,60,65,true,true,false,Synthetic demonstration only — not a BraTS scientific result.
SYNTH_00503,SYNTH_G0251,B,-FLAIR,ET,0.9448818897637795,0.055118110236220486,0.4372365939357552,-0.25497995287723435,0.1581806700895981,0.038385745980546164,60,67,true,true,false,Synthetic demonstration only — not a BraTS scientific result.
SYNTH_00504,SYNTH_G0252,B,Full,WT,0.5849802371541502,0.41501976284584985,0.34868069246765876,-0.07013171860131184,0.21821903182526137,0.09250994473724881,80,173,true,true,false,Synthetic demonstration only — not a BraTS scientific result.
SYNTH_00504,SYNTH_G0252,B,Full,TC,0.44357976653696496,0.556420233463035,0.33193805531086534,-0.08700380831763392,0.23448905846726123,0.10298056937062948,60,197,true,true,false,Synthetic demonstration only — not a BraTS scientific result.
SYNTH_00504,SYNTH_G0252,B,Full,ET,0.0,1.0,0.22388649554909934,-0.17141743508109533,0.26158143481704127,0.10400098710671772,0,152,true,true,false,Synthetic demonstration only — not a BraTS scientific result.
SYNTH_00504,SYNTH_G0252,B,-T1,WT,0.5085910652920962,0.4914089347079038,0.34676527371649324,-0.11954674845612949,0.23248591161690355,0.11068633398302069,80,211,true,true,false,Synthetic demonstration only — not a BraTS scientific result.
SYNTH_00504,SYNTH_G0252,B,-T1,TC,0.35714285714285715,0.6428571428571428,0.33829471780430187,-0.14374702321864194,0.24920067454119518,0.11982486282090406,60,220,true,true,false,Synthetic demonstration only — not a BraTS scientific result.
SYNTH_00504,SYNTH_G0252,B,-T1,ET,0.0,1.0,0.26066117458046495,-0.2570879069589361,0.2779049409279158,0.11857397522119473,0,176,true,true,false,Synthetic demonstration only — not a BraTS scientific result.
SYNTH_00504,SYNTH_G0252,B,-T1c,WT,0.40963855421686746,0.5903614457831325,0.34679642166344293,-0.2151958714014488,0.2545417951011789,0.13167788362714766,80,252,true,true,false,Synthetic demonstration only — not a BraTS scientific result.
SYNTH_00504,SYNTH_G0252,B,-T1c,TC,0.3137254901960784,0.6862745098039216,0.33603191246444786,-0.24788230233170894,0.2615904968117523,0.12920662682327394,60,246,true,true,false,Synthetic demonstration only — not a BraTS scientific result.
SYNTH_00504,SYNTH_G0252,B,-T1c,ET,0.0,1.0,0.2766654864109401,-0.3484396722721205,0.3001439180757694,0.13472787141901424,0,203,true,true,false,Synthetic demonstration only — not a BraTS scientific result.
SYNTH_00504,SYNTH_G0252,B,-T2,WT,0.4866666666666667,0.5133333333333333,0.3586955237844914,-0.12063983940786248,0.2308271967762039,0.10840250813954919,80,220,true,true,false,Synthetic demonstration only — not a BraTS scientific result.
SYNTH_00504,SYNTH_G0252,B,-T2,TC,0.4,0.6,0.32364467568348976,-0.14075247427501372,0.2489157568527642,0.11896597898012325,60,200,true,true,false,Synthetic demonstration only — not a BraTS scientific result.
SYNTH_00504,SYNTH_G0252,B,-T2,ET,0.0,1.0,0.266979316979317,-0.26298755452412786,0.28340311254027667,0.11959301324690916,0,177,true,true,false,Synthetic demonstration only — not a BraTS scientific result.
SYNTH_00504,SYNTH_G0252,B,-FLAIR,WT,0.43564356435643564,0.5643564356435644,0.33154266515578246,-0.11740917168902659,0.2376189074025458,0.11871370842471454,80,223,true,true,false,Synthetic demonstration only — not a BraTS scientific result.
SYNTH_00504,SYNTH_G0252,B,-FLAIR,TC,0.4,0.6,0.3070320281433996,-0.1437149009893499,0.24006174588907706,0.1087510041403434,60,195,true,true,false,Synthetic demonstration only — not a BraTS scientific result.
SYNTH_00504,SYNTH_G0252,B,-FLAIR,ET,0.0,1.0,0.24473251842263555,-0.25497995287723435,0.2682276656989618,0.11091236144191369,0,144,true,true,false,Synthetic demonstration only — not a BraTS scientific result.
SYNTH_00505,SYNTH_G0252,B,Full,WT,1.0,0.0,0.99734395750332,-0.07013171860131184,0.09540460487986818,0.01216475843445387,125,125,true,true,false,Synthetic demonstration only — not a BraTS scientific result.
SYNTH_00505,SYNTH_G0252,B,Full,TC,1.0,0.0,1.0,-0.08700380831763392,0.09796524967024874,0.012886209388818168,100,100,true,true,false,Synthetic demonstration only — not a BraTS scientific result.
SYNTH_00505,SYNTH_G0252,B,Full,ET,1.0,0.0,1.0,-0.17141743508109533,0.10042623971740142,0.013492093506435095,100,100,true,true,false,Synthetic demonstration only — not a BraTS scientific result.
SYNTH_00505,SYNTH_G0252,B,-T1,WT,1.0,0.0,0.8316691237923703,-0.11954674845612949,0.12557412558821354,0.022688083227422738,125,125,true,true,false,Synthetic demonstration only — not a BraTS scientific result.
SYNTH_00505,SYNTH_G0252,B,-T1,TC,1.0,0.0,0.8245524031960111,-0.14374702321864194,0.12391839763932974,0.022376580804474758,100,100,true,true,false,Synthetic demonstration only — not a BraTS scientific result.
SYNTH_00505,SYNTH_G0252,B,-T1,ET,1.0,0.0,0.8223987747087598,-0.2570879069589361,0.11791350495348021,0.020515848478081775,100,100,true,true,false,Synthetic demonstration only — not a BraTS scientific result.
SYNTH_00505,SYNTH_G0252,B,-T1c,WT,0.9541984732824428,0.04580152671755722,0.5605398748830107,-0.2151958714014488,0.15646351152030297,0.042058200886631564,125,137,true,true,false,Synthetic demonstration only — not a BraTS scientific result.
SYNTH_00505,SYNTH_G0252,B,-T1c,TC,0.9478672985781991,0.05213270142180093,0.5359254579569527,-0.24788230233170894,0.15848375572923007,0.04092021320912237,100,111,true,true,false,Synthetic demonstration only — not a BraTS scientific result.
SYNTH_00505,SYNTH_G0252,B,-T1c,ET,0.9658536585365853,0.034146341463414664,0.4926011428897154,-0.3484396722721205,0.16406107776008833,0.043927905591207406,100,105,true,true,false,Synthetic demonstration only — not a BraTS scientific result.
SYNTH_00505,SYNTH_G0252,B,-T2,WT,1.0,0.0,0.8476679089427747,-0.12063983940786248,0.12233374149312545,0.021965518826235274,125,125,true,true,false,Synthetic demonstration only — not a BraTS scientific result.
SYNTH_00505,SYNTH_G0252,B,-T2,TC,1.0,0.0,0.8315905688787044,-0.14075247427501372,0.1202985301230834,0.021361128087094245,100,100,true,true,false,Synthetic demonstration only — not a BraTS scientific result.
SYNTH_00505,SYNTH_G0252,B,-T2,ET,1.0,0.0,0.8131775843640251,-0.26298755452412786,0.12567508057368015,0.022698896270601784,100,100,true,true,false,Synthetic demonstration only — not a BraTS scientific result.
SYNTH_00505,SYNTH_G0252,B,-FLAIR,WT,1.0,0.0,0.8370934363529956,-0.11740917168902659,0.1277480814816438,0.022829673988477708,125,125,true,true,false,Synthetic demonstration only — not a BraTS scientific result.
SYNTH_00505,SYNTH_G0252,B,-FLAIR,TC,1.0,0.0,0.8338326599412158,-0.1437149009893499,0.1273585229584761,0.023112789056340767,100,100,true,true,false,Synthetic demonstration only — not a BraTS scientific result.
SYNTH_00505,SYNTH_G0252,B,-FLAIR,ET,1.0,0.0,0.8223017870944073,-0.25497995287723435,0.12399330359486128,0.021670074897963812,100,100,true,true,false,Synthetic demonstration only — not a BraTS scientific result.
SYNTH_00506,SYNTH_G0253,B,Full,WT,0.6307053941908713,0.36929460580912865,0.32866850013480853,-0.07013171860131184,0.21027723371747922,0.08393664344628066,80,161,true,true,false,Synthetic demonstration only — not a BraTS scientific result.
SYNTH_00506,SYNTH_G0253,B,Full,TC,0.5321100917431193,0.4678899082568807,0.31303030303030305,-0.08700380831763392,0.2228552624420546,0.08927799063790914,60,158,true,true,false,Synthetic demonstration only — not a BraTS scientific result.
SYNTH_00506,SYNTH_G0253,B,Full,ET,0.5523809523809524,0.4476190476190476,0.30259892901065644,-0.17141743508109533,0.21288745955235563,0.08386737198208462,60,150,true,true,false,Synthetic demonstration only — not a BraTS scientific result.
SYNTH_00506,SYNTH_G0253,B,-T1,WT,0.48,0.52,0.3484322563523046,-0.11954674845612949,0.22702168044118784,0.10772105701286885,80,195,true,true,false,Synthetic demonstration only — not a BraTS scientific result.
SYNTH_00506,SYNTH_G0253,B,-T1,TC,0.38910505836575876,0.6108949416342413,0.3168178667869743,-0.14374702321864194,0.23566166353895016,0.11088091108350757,60,197,true,true,false,Synthetic demonstration only — not a BraTS scientific result.
SYNTH_00506,SYNTH_G0253,B,-T1,ET,0.4954128440366973,0.5045871559633027,0.30456181563697504,-0.2570879069589361,0.22372604876496865,0.09370968427159529,60,158,true,true,false,Synthetic demonstration only — not a BraTS scientific result.
SYNTH_00506,SYNTH_G0253,B,-T1c,WT,0.41009463722397477,0.5899053627760252,0.36244802212688026,-0.2151958714014488,0.24581186600850438,0.1235425761320812,80,237,true,true,false,Synthetic demonstration only — not a BraTS scientific result.
SYNTH_00506,SYNTH_G0253,B,-T1c,TC,0.34843205574912894,0.6515679442508711,0.3053060444963668,-0.24788230233170894,0.2581642370977433,0.1259198282288328,60,227,true,true,false,Synthetic demonstration only — not a BraTS scientific result.
SYNTH_00506,SYNTH_G0253,B,-T1c,ET,0.37542662116040953,0.6245733788395904,0.31788456117266434,-0.3484396722721205,0.25864985898958065,0.12100374553413568,60,233,true,true,false,Synthetic demonstration only — not a BraTS scientific result.
SYNTH_00506,SYNTH_G0253,B,-T2,WT,0.4908424908424908,0.5091575091575091,0.34597402094022683,-0.12063983940786248,0.22358963650487035,0.10434141497324705,80,193,true,true,false,Synthetic demonstration only — not a BraTS scientific result.
SYNTH_00506,SYNTH_G0253,B,-T2,TC,0.46774193548387094,0.532258064516129,0.3392399991103676,-0.14075247427501372,0.23362138917956243,0.10444541479023323,60,188,true,true,false,Synthetic demonstration only — not a BraTS scientific result.
SYNTH_00506,SYNTH_G0253,B,-T2,ET,0.40310077519379844,0.5968992248062015,0.323185020166625,-0.26298755452412786,0.2352127363923526,0.10759006290958456,60,198,true,true,false,Synthetic demonstration only — not a BraTS scientific result.
SYNTH_00506,SYNTH_G0253,B,-FLAIR,WT,0.5084745762711864,0.4915254237288136,0.3463864115563298,-0.11740917168902659,0.2362325146946438,0.10812273200045158,80,215,true,true,false,Synthetic demonstration only — not a BraTS scientific result.
SYNTH_00506,SYNTH_G0253,B,-FLAIR,TC,0.3968871595330739,0.6031128404669261,0.34127160212109003,-0.1437149009893499,0.24145912795964047,0.1087015114361923,60,197,true,true,false,Synthetic demonstration only — not a BraTS scientific result.
SYNTH_00506,SYNTH_G0253,B,-FLAIR,ET,0.41975308641975306,0.5802469135802469,0.31847423561857535,-0.25497995287723435,0.23713921617228256,0.10949631579247476,60,183,true,true,false,Synthetic demonstration only — not a BraTS scientific result.
SYNTH_00507,SYNTH_G0253,B,Full,WT,0.8839779005524862,0.11602209944751385,0.41816816816816815,-0.07013171860131184,0.1751485308186383,0.048545545693581015,80,101,true,true,false,Synthetic demonstration only — not a BraTS scientific result.
SYNTH_00507,SYNTH_G0253,B,Full,TC,0.8571428571428571,0.1428571428571429,0.37654101374906385,-0.08700380831763392,0.17193651147735822,0.047768132190225,60,80,true,true,false,Synthetic demonstration only — not a BraTS scientific result.
SYNTH_00507,SYNTH_G0253,B,Full,ET,0.9022556390977443,0.09774436090225569,0.34842924837040823,-0.17141743508109533,0.1757055136804433,0.050535309224883106,60,73,true,true,false,Synthetic demonstration only — not a BraTS scientific result.
SYNTH_00507,SYNTH_G0253,B,-T1,WT,0.6948356807511737,0.30516431924882625,0.3781904301725522,-0.11954674845612949,0.19275954098083606,0.07156544449888522,80,133,true,true,false,Synthetic demonstration only — not a BraTS scientific result.
SYNTH_00507,SYNTH_G0253,B,-T1,TC,0.7125,0.2875,0.31888859308618106,-0.14374702321864194,0.19399403265658074,0.06625367302607203,60,100,true,true,false,Synthetic demonstration only — not a BraTS scientific result.
SYNTH_00507,SYNTH_G0253,B,-T1,ET,0.6440677966101694,0.35593220338983056,0.32526274135061084,-0.2570879069589361,0.19020078807411944,0.06753328387049921,60,117,true,true,false,Synthetic demonstration only — not a BraTS scientific result.
SYNTH_00507,SYNTH_G0253,B,-T1c,WT,0.568,0.43200000000000005,0.3428342662262037,-0.2151958714014488,0.21092320118653668,0.0895656980665602,80,170,true,true,false,Synthetic demonstration only — not a BraTS scientific result.
SYNTH_00507,SYNTH_G0253,B,-T1c,TC,0.5628140703517588,0.4371859296482412,0.3043496765406878,-0.24788230233170894,0.21291433539379823,0.08537859147971841,60,139,true,true,false,Synthetic demonstration only — not a BraTS scientific result.
SYNTH_00507,SYNTH_G0253,B,-T1c,ET,0.4909090909090909,0.509090909090909,0.31285440298098527,-0.3484396722721205,0.21811247138935325,0.09228670687045434,60,160,true,true,false,Synthetic demonstration only — not a BraTS scientific result.
SYNTH_00507,SYNTH_G0253,B,-T2,WT,0.7368421052631579,0.26315789473684215,0.36796646573591496,-0.12063983940786248,0.19108470127028412,0.06905984211881039,80,129,true,true,false,Synthetic demonstration only — not a BraTS scientific result.
SYNTH_00507,SYNTH_G0253,B,-T2,TC,0.7341772151898734,0.26582278481012656,0.2795107207572229,-0.14075247427501372,0.19773186469833734,0.06615023909225701,60,98,true,true,false,Synthetic demonstration only — not a BraTS scientific result.
SYNTH_00507,SYNTH_G0253,B,-T2,ET,0.6628571428571428,0.3371428571428572,0.3312250769177882,-0.26298755452412786,0.19765762207190943,0.06951645074466185,60,115,true,true,false,Synthetic demonstration only — not a BraTS scientific result.
SYNTH_00507,SYNTH_G0253,B,-FLAIR,WT,0.7761194029850746,0.22388059701492535,0.3683253693991757,-0.11740917168902659,0.18944051489940453,0.0641504894890138,80,121,true,true,false,Synthetic demonstration only — not a BraTS scientific result.
SYNTH_00507,SYNTH_G0253,B,-FLAIR,TC,0.7388535031847133,0.2611464968152867,0.30243564438966736,-0.1437149009893499,0.19061835071055502,0.06349879200816773,60,97,true,true,false,Synthetic demonstration only — not a BraTS scientific result.
SYNTH_00507,SYNTH_G0253,B,-FLAIR,ET,0.6744186046511628,0.32558139534883723,0.3415374780637322,-0.25497995287723435,0.19075025266856302,0.06634992847818279,60,112,true,true,false,Synthetic demonstration only — not a BraTS scientific result.
SYNTH_00508,SYNTH_G0254,B,Full,WT,0.9595687331536388,0.040431266846361225,0.6042009503570303,-0.07013171860131184,0.1557396967325006,0.04373352122341655,180,191,true,true,false,Synthetic demonstration only — not a BraTS scientific result.
SYNTH_00508,SYNTH_G0254,B,Full,TC,0.9646302250803859,0.03536977491961413,0.6053915920790806,-0.08700380831763392,0.15974198304987733,0.04266997068440673,150,161,true,true,false,Synthetic demonstration only — not a BraTS scientific result.
SYNTH_00508,SYNTH_G0254,B,Full,ET,0.952076677316294,0.04792332268370603,0.579034559077943,-0.17141743508109533,0.16369315356809638,0.04420921683481741,150,163,true,true,false,Synthetic demonstration only — not a BraTS scientific result.
SYNTH_00508,SYNTH_G0254,B,-T1,WT,0.917098445595855,0.08290155440414504,0.5285156684008908,-0.11954674845612949,0.18011179894944818,0.05868600361089193,180,206,true,true,false,Synthetic demonstration only — not a BraTS scientific result.
SYNTH_00508,SYNTH_G0254,B,-T1,TC,0.8867924528301887,0.1132075471698113,0.4517689331122167,-0.14374702321864194,0.1723388014579812,0.06036883270510035,150,168,true,true,false,Synthetic demonstration only — not a BraTS scientific result.
SYNTH_00508,SYNTH_G0254,B,-T1,ET,0.8902077151335311,0.10979228486646886,0.4748712171232012,-0.2570879069589361,0.17745438892103793,0.06050630727408641,150,187,true,true,false,Synthetic demonstration only — not a BraTS scientific result.
SYNTH_00508,SYNTH_G0254,B,-T1c,WT,0.819047619047619,0.18095238095238098,0.4783550235342569,-0.2151958714014488,0.17667383628903782,0.07811173554762879,180,240,true,true,false,Synthetic demonstration only — not a BraTS scientific result.
SYNTH_00508,SYNTH_G0254,B,-T1c,TC,0.72,0.28,0.42843232670039005,-0.24788230233170894,0.19668516983140372,0.08887513116398672,150,225,true,true,false,Synthetic demonstration only — not a BraTS scientific result.
SYNTH_00508,SYNTH_G0254,B,-T1c,ET,0.7790055248618785,0.22099447513812154,0.42862552819723765,-0.3484396722721205,0.19568020639758263,0.08063874849312747,150,212,true,true,false,Synthetic demonstration only — not a BraTS scientific result.
SYNTH_00508,SYNTH_G0254,B,-T2,WT,0.9020618556701031,0.09793814432989689,0.5137579259433948,-0.12063983940786248,0.18080592004660548,0.06400011007446858,180,208,true,true,false,Synthetic demonstration only — not a BraTS scientific result.
SYNTH_00508,SYNTH_G0254,B,-T2,TC,0.8768768768768769,0.12312312312312312,0.47661592470567626,-0.14075247427501372,0.1828474145336954,0.06445338615031275,150,183,true,true,false,Synthetic demonstration only — not a BraTS scientific result.
SYNTH_00508,SYNTH_G0254,B,-T2,ET,0.8802395209580839,0.11976047904191611,0.47453566281939685,-0.26298755452412786,0.17193635621651027,0.059784982791779274,150,184,true,true,false,Synthetic demonstration only — not a BraTS scientific result.
SYNTH_00508,SYNTH_G0254,B,-FLAIR,WT,0.9238845144356955,0.07611548556430447,0.500393085263022,-0.11740917168902659,0.17961657414077054,0.05572954351652561,180,201,true,true,false,Synthetic demonstration only — not a BraTS scientific result.
SYNTH_00508,SYNTH_G0254,B,-FLAIR,TC,0.8978328173374613,0.10216718266253866,0.48791993307916975,-0.1437149009893499,0.18003105797959396,0.05996935355634416,150,173,true,true,false,Synthetic demonstration only — not a BraTS scientific result.
SYNTH_00508,SYNTH_G0254,B,-FLAIR,ET,0.8571428571428571,0.1428571428571429,0.45548728718888243,-0.25497995287723435,0.18432039004118267,0.06566274694131213,150,186,true,true,false,Synthetic demonstration only — not a BraTS scientific result.
SYNTH_00509,SYNTH_G0254,B,Full,WT,0.9807162534435262,0.019283746556473802,0.6752658496068623,-0.07013171860131184,0.15180850118361536,0.03746092502719396,180,183,true,true,false,Synthetic demonstration only — not a BraTS scientific result.
SYNTH_00509,SYNTH_G0254,B,Full,TC,0.9802631578947368,0.019736842105263164,0.661313734233206,-0.08700380831763392,0.14657100096115896,0.034692681650802866,150,154,true,true,false,Synthetic demonstration only — not a BraTS scientific result.
SYNTH_00509,SYNTH_G0254,B,Full,ET,0.9771986970684039,0.0228013029315961,0.6473351815949615,-0.17141743508109533,0.15063371863580563,0.03547951451552112,150,157,true,true,false,Synthetic demonstration only — not a BraTS scientific result.
SYNTH_00509,SYNTH_G0254,B,-T1,WT,0.9291338582677166,0.07086614173228345,0.5623662888370131,-0.11954674845612949,0.16787738822667186,0.05075277925899971,180,201,true,true,false,Synthetic demonstration only — not a BraTS scientific result.
SYNTH_00509,SYNTH_G0254,B,-T1,TC,0.874251497005988,0.12574850299401197,0.52139865702118,-0.14374702321864194,0.1692105194836972,0.059542551397747966,150,184,true,true,false,Synthetic demonstration only — not a BraTS scientific result.
SYNTH_00509,SYNTH_G0254,B,-T1,ET,0.9046153846153846,0.0953846153846154,0.5147579550198208,-0.2570879069589361,0.17699634803311534,0.054942137668169334,150,175,true,true,false,Synthetic demonstration only — not a BraTS scientific result.
SYNTH_00509,SYNTH_G0254,B,-T1c,WT,0.8341463414634146,0.1658536585365854,0.467264480340721,-0.2151958714014488,0.1783921377105869,0.07746513967541722,180,230,true,true,false,Synthetic demonstration only — not a BraTS scientific result.
SYNTH_00509,SYNTH_G0254,B,-T1c,TC,0.7547169811320755,0.24528301886792447,0.4352606288709803,-0.24788230233170894,0.18103312646913672,0.08157138645023874,150,221,true,true,false,Synthetic demonstration only — not a BraTS scientific result.
SYNTH_00509,SYNTH_G0254,B,-T1c,ET,0.8115942028985508,0.18840579710144922,0.4272148597174239,-0.3484396722721205,0.17997943654281032,0.07415410494421772,150,195,true,true,false,Synthetic demonstration only — not a BraTS scientific result.
SYNTH_00509,SYNTH_G0254,B,-T2,WT,0.9468085106382979,0.05319148936170215,0.5648689231961295,-0.12063983940786248,0.16491778481258867,0.051457854705191854,180,196,true,true,false,Synthetic demonstration only — not a BraTS scientific result.
SYNTH_00509,SYNTH_G0254,B,-T2,TC,0.9006211180124224,0.0993788819875776,0.49937552757765513,-0.14075247427501372,0.17665366462237966,0.055819608027337445,150,172,true,true,false,Synthetic demonstration only — not a BraTS scientific result.
SYNTH_00509,SYNTH_G0254,B,-T2,ET,0.8936170212765957,0.1063829787234043,0.5188256502822207,-0.26298755452412786,0.16639434343876572,0.058607628379764444,150,179,true,true,false,Synthetic demonstration only — not a BraTS scientific result.
SYNTH_00509,SYNTH_G0254,B,-FLAIR,WT,0.9206349206349206,0.07936507936507942,0.5614328017632865,-0.11740917168902659,0.16326544605934987,0.05213979521179956,180,198,true,true,false,Synthetic demonstration only — not a BraTS scientific result.
SYNTH_00509,SYNTH_G0254,B,-FLAIR,TC,0.8875379939209727,0.11246200607902734,0.5197842331782605,-0.1437149009893499,0.17686656094702888,0.055350986139816816,150,179,true,true,false,Synthetic demonstration only — not a BraTS scientific result.
SYNTH_00509,SYNTH_G0254,B,-FLAIR,ET,0.8963414634146342,0.10365853658536583,0.5286799346200031,-0.25497995287723435,0.17159956228952267,0.05468580559769712,150,178,true,true,false,Synthetic demonstration only — not a BraTS scientific result.
SYNTH_00510,SYNTH_G0255,B,Full,WT,0.852112676056338,0.147887323943662,0.45594486079545377,-0.07013171860131184,0.18372252550463242,0.06207256430394342,125,159,true,true,false,Synthetic demonstration only — not a BraTS scientific result.
SYNTH_00510,SYNTH_G0255,B,Full,TC,0.8533333333333334,0.1466666666666666,0.3821349718367935,-0.08700380831763392,0.179560835724342,0.05836521358661313,100,125,true,true,false,Synthetic demonstration only — not a BraTS scientific result.
SYNTH_00510,SYNTH_G0255,B,Full,ET,0.8990825688073395,0.1009174311926605,0.4403157525003235,-0.17141743508109533,0.1693850419132666,0.05249678784236769,100,118,true,true,false,Synthetic demonstration only — not a BraTS scientific result.
SYNTH_00510,SYNTH_G0255,B,-T1,WT,0.755700325732899,0.24429967426710097,0.38677284017164626,-0.11954674845612949,0.18746585529712342,0.07669121682794708,125,182,true,true,false,Synthetic demonstration only — not a BraTS scientific result.
SYNTH_00510,SYNTH_G0255,B,-T1,TC,0.6946564885496184,0.30534351145038163,0.3595044994032737,-0.14374702321864194,0.19061890367554857,0.07636168480943163,100,162,true,true,false,Synthetic demonstration only — not a BraTS scientific result.
SYNTH_00510,SYNTH_G0255,B,-T1,ET,0.788135593220339,0.211864406779661,0.36911789256446037,-0.2570879069589361,0.18475037251152465,0.06868689639833873,100,136,true,true,false,Synthetic demonstration only — not a BraTS scientific result.
SYNTH_00510,SYNTH_G0255,B,-T1c,WT,0.6785714285714286,0.3214285714285714,0.39463411573697893,-0.2151958714014488,0.19906396321214537,0.09519005076185133,125,211,true,true,false,Synthetic demonstration only — not a BraTS scientific result.
SYNTH_00510,SYNTH_G0255,B,-T1c,TC,0.6052631578947368,0.39473684210526316,0.377196335932069,-0.24788230233170894,0.20967503379262517,0.09478764962368229,100,204,true,true,false,Synthetic demonstration only — not a BraTS scientific result.
SYNTH_00510,SYNTH_G0255,B,-T1c,ET,0.5732484076433121,0.4267515923566879,0.3834807339373364,-0.3484396722721205,0.21418677261885932,0.10132198713653312,100,214,true,true,false,Synthetic demonstration only — not a BraTS scientific result.
SYNTH_00510,SYNTH_G0255,B,-T2,WT,0.7484276729559748,0.2515723270440252,0.4139237376909755,-0.12063983940786248,0.18883979012975333,0.07941495544876884,125,193,true,true,false,Synthetic demonstration only — not a BraTS scientific result.
SYNTH_00510,SYNTH_G0255,B,-T2,TC,0.6836363636363636,0.3163636363636364,0.39971970957737957,-0.14075247427501372,0.1909930736631024,0.07894342963977656,100,175,true,true,false,Synthetic demonstration only — not a BraTS scientific result.
SYNTH_00510,SYNTH_G0255,B,-T2,ET,0.6766917293233082,0.32330827067669177,0.3891977662555077,-0.26298755452412786,0.18969222064782457,0.0831211244850354,100,166,true,true,false,Synthetic demonstration only — not a BraTS scientific result.
SYNTH_00510,SYNTH_G0255,B,-FLAIR,WT,0.7492260061919505,0.25077399380804954,0.4268894981852831,-0.11740917168902659,0.18974300316190795,0.07688032879045328,125,198,true,true,false,Synthetic demonstration only — not a BraTS scientific result.
SYNTH_00510,SYNTH_G0255,B,-FLAIR,TC,0.735632183908046,0.26436781609195403,0.3755515076643808,-0.1437149009893499,0.18886877416577896,0.07344637486501465,100,161,true,true,false,Synthetic demonstration only — not a BraTS scientific result.
SYNTH_00510,SYNTH_G0255,B,-FLAIR,ET,0.6765799256505576,0.3234200743494424,0.367774758299379,-0.25497995287723435,0.1947683817568943,0.07797434385549158,100,169,true,true,false,Synthetic demonstration only — not a BraTS scientific result.
SYNTH_00511,SYNTH_G0255,B,Full,WT,0.9276139410187667,0.07238605898123329,0.564542118809281,-0.07013171860131184,0.17258647333080576,0.052189721321440306,180,193,true,true,false,Synthetic demonstration only — not a BraTS scientific result.
SYNTH_00511,SYNTH_G0255,B,Full,TC,0.9294871794871795,0.07051282051282048,0.5374956840564531,-0.08700380831763392,0.16990745311292513,0.050187500900873046,150,162,true,true,false,Synthetic demonstration only — not a BraTS scientific result.
SYNTH_00511,SYNTH_G0255,B,Full,ET,0.9363057324840764,0.06369426751592355,0.5690258701729969,-0.17141743508109533,0.1620446597255586,0.04680157715750925,150,164,true,true,false,Synthetic demonstration only — not a BraTS scientific result.
SYNTH_00511,SYNTH_G0255,B,-T1,WT,0.8391959798994975,0.16080402010050254,0.5030021581694295,-0.11954674845612949,0.1659243977635031,0.07078654878639813,180,218,true,true,false,Synthetic demonstration only — not a BraTS scientific result.
SYNTH_00511,SYNTH_G0255,B,-T1,TC,0.8295454545454546,0.17045454545454541,0.46202606066193136,-0.14374702321864194,0.1854202917759013,0.07041060319504616,150,202,true,true,false,Synthetic demonstration only — not a BraTS scientific result.
SYNTH_00511,SYNTH_G0255,B,-T1,ET,0.8158640226628895,0.1841359773371105,0.4324057967902189,-0.2570879069589361,0.18542838707438786,0.07225637228610318,150,203,true,true,false,Synthetic demonstration only — not a BraTS scientific result.
SYNTH_00511,SYNTH_G0255,B,-T1c,WT,0.7494145199063232,0.25058548009367676,0.44340085494584647,-0.2151958714014488,0.17691794083643517,0.09049225896569509,180,247,true,true,false,Synthetic demonstration only — not a BraTS scientific result.
SYNTH_00511,SYNTH_G0255,B,-T1c,TC,0.7112299465240641,0.2887700534759359,0.41955867550962606,-0.24788230233170894,0.18252389258358978,0.08999957803917312,150,224,true,true,false,Synthetic demonstration only — not a BraTS scientific result.
SYNTH_00511,SYNTH_G0255,B,-T1c,ET,0.7240506329113924,0.2759493670886076,0.4479796716525899,-0.3484396722721205,0.19322404993285489,0.09163994565863189,150,245,true,true,false,Synthetic demonstration only — not a BraTS scientific result.
SYNTH_00511,SYNTH_G0255,B,-T2,WT,0.8629441624365483,0.13705583756345174,0.4810934986368692,-0.12063983940786248,0.17665483033193843,0.06975027783385515,180,214,true,true,false,Synthetic demonstration only — not a BraTS scientific result.
SYNTH_00511,SYNTH_G0255,B,-T2,TC,0.8457142857142858,0.15428571428571425,0.47788915380338864,-0.14075247427501372,0.18418196280510696,0.06953272445433466,150,200,true,true,false,Synthetic demonstration only — not a BraTS scientific result.
SYNTH_00511,SYNTH_G0255,B,-T2,ET,0.8537313432835821,0.14626865671641787,0.4431060517592181,-0.26298755452412786,0.17908379059112745,0.06981759432700695,150,185,true,true,false,Synthetic demonstration only — not a BraTS scientific result.
SYNTH_00511,SYNTH_G0255,B,-FLAIR,WT,0.8316831683168316,0.16831683168316836,0.4790315067232852,-0.11740917168902659,0.16659977210434165,0.07297127448475027,180,224,true,true,false,Synthetic demonstration only — not a BraTS scientific result.
SYNTH_00511,SYNTH_G0255,B,-FLAIR,TC,0.8289855072463768,0.17101449275362324,0.4717432495199353,-0.1437149009893499,0.18554237523569003,0.07018024054130657,150,195,true,true,false,Synthetic demonstration only — not a BraTS scientific result.
SYNTH_00511,SYNTH_G0255,B,-FLAIR,ET,0.8231884057971014,0.1768115942028986,0.4343612269318528,-0.25497995287723435,0.18612026666984294,0.07310122311168972,150,195,true,true,false,Synthetic demonstration only — not a BraTS scientific result.
SYNTH_00512,SYNTH_G0256,B,Full,WT,1.0,0.0,0.8718539346754777,-0.07013171860131184,0.12985231513924522,0.024320558752585583,180,180,true,true,false,Synthetic demonstration only — not a BraTS scientific result.
SYNTH_00512,SYNTH_G0256,B,Full,TC,1.0,0.0,0.8396731473654551,-0.08700380831763392,0.1296913413106802,0.02432122736968656,150,150,true,true,false,Synthetic demonstration only — not a BraTS scientific result.
SYNTH_00512,SYNTH_G0256,B,Full,ET,1.0,0.0,0.8463194777394173,-0.17141743508109533,0.13153102920155507,0.024303070002335957,150,150,true,true,false,Synthetic demonstration only — not a BraTS scientific result.
SYNTH_00512,SYNTH_G0256,B,-T1,WT,0.978021978021978,0.02197802197802201,0.6888285024154589,-0.11954674845612949,0.1517704736372085,0.038128329123002215,180,184,true,true,false,Synthetic demonstration only — not a BraTS scientific result.
SYNTH_00512,SYNTH_G0256,B,-T1,TC,0.9771986970684039,0.0228013029315961,0.6466813525288605,-0.14374702321864194,0.15551380940460466,0.03776323166045817,150,157,true,true,false,Synthetic demonstration only — not a BraTS scientific result.
SYNTH_00512,SYNTH_G0256,B,-T1,ET,0.9545454545454546,0.045454545454545414,0.6410705357289747,-0.2570879069589361,0.15762232149825242,0.03948686600192301,150,158,true,true,false,Synthetic demonstration only — not a BraTS scientific result.
SYNTH_00512,SYNTH_G0256,B,-T1c,WT,0.8987012987012987,0.10129870129870133,0.5329172830957319,-0.2151958714014488,0.16635844994978197,0.056509635456121005,180,205,true,true,false,Synthetic demonstration only — not a BraTS scientific result.
SYNTH_00512,SYNTH_G0256,B,-T1c,TC,0.8868501529051988,0.11314984709480125,0.4754245862924643,-0.24788230233170894,0.17587747194009543,0.059539071715232386,150,177,true,true,false,Synthetic demonstration only — not a BraTS scientific result.
SYNTH_00512,SYNTH_G0256,B,-T1c,ET,0.8990825688073395,0.1009174311926605,0.5508589486994351,-0.3484396722721205,0.17268641927589837,0.05506401386103783,150,177,true,true,false,Synthetic demonstration only — not a BraTS scientific result.
SYNTH_00512,SYNTH_G0256,B,-T2,WT,0.9836065573770492,0.016393442622950838,0.7039357427432045,-0.12063983940786248,0.14438003552686454,0.03453054376612076,180,186,true,true,false,Synthetic demonstration only — not a BraTS scientific result.
SYNTH_00512,SYNTH_G0256,B,-T2,TC,0.9612903225806452,0.03870967741935483,0.6401871674767142,-0.14075247427501372,0.15603275662792832,0.03890906597390261,150,160,true,true,false,Synthetic demonstration only — not a BraTS scientific result.
SYNTH_00512,SYNTH_G0256,B,-T2,ET,0.9802631578947368,0.019736842105263164,0.6503513592110803,-0.26298755452412786,0.15348303479603895,0.03760913713701305,150,154,true,true,false,Synthetic demonstration only — not a BraTS scientific result.
SYNTH_00512,SYNTH_G0256,B,-FLAIR,WT,0.9701897018970189,0.02981029810298108,0.6865540738495286,-0.11740917168902659,0.155621149129124,0.03952808172046238,180,189,true,true,false,Synthetic demonstration only — not a BraTS scientific result.
SYNTH_00512,SYNTH_G0256,B,-FLAIR,TC,0.9803921568627451,0.019607843137254943,0.6479188086516388,-0.1437149009893499,0.15667951272105493,0.03702374382394158,150,156,true,true,false,Synthetic demonstration only — not a BraTS scientific result.
SYNTH_00512,SYNTH_G0256,B,-FLAIR,ET,0.9675324675324676,0.03246753246753242,0.6307211037596787,-0.25497995287723435,0.1587151859131121,0.04018092944886932,150,158,true,true,false,Synthetic demonstration only — not a BraTS scientific result.
SYNTH_00513,SYNTH_G0256,B,Full,WT,0.6697247706422018,0.3302752293577982,0.3256864027048987,-0.07013171860131184,0.2078263185524717,0.07693226812692718,80,138,true,true,false,Synthetic demonstration only — not a BraTS scientific result.
SYNTH_00513,SYNTH_G0256,B,Full,TC,0.6243386243386243,0.3756613756613757,0.3030704686598446,-0.08700380831763392,0.2119579538606544,0.08049594587000619,60,129,true,true,false,Synthetic demonstration only — not a BraTS scientific result.
SYNTH_00513,SYNTH_G0256,B,Full,ET,0.0,1.0,0.1563406687533359,-0.17141743508109533,0.21397368983340917,0.07031083363296266,0,62,true,true,false,Synthetic demonstration only — not a BraTS scientific result.
SYNTH_00513,SYNTH_G0256,B,-T1,WT,0.5347985347985348,0.4652014652014652,0.35609703678029986,-0.11954674845612949,0.21888876598778648,0.09680433950794634,80,193,true,true,false,Synthetic demonstration only — not a BraTS scientific result.
SYNTH_00513,SYNTH_G0256,B,-T1,TC,0.451063829787234,0.548936170212766,0.3316001153591367,-0.14374702321864194,0.22935953700326006,0.09868202731135885,60,175,true,true,false,Synthetic demonstration only — not a BraTS scientific result.
SYNTH_00513,SYNTH_G0256,B,-T1,ET,0.0,1.0,0.22845115160935398,-0.2570879069589361,0.25174716937327357,0.09559579667845627,0,115,true,true,false,Synthetic demonstration only — not a BraTS scientific result.
SYNTH_00513,SYNTH_G0256,B,-T1c,WT,0.46153846153846156,0.5384615384615384,0.3433730946088102,-0.2151958714014488,0.23828409826268804,0.11669326993702898,80,219,true,true,false,Synthetic demonstration only — not a BraTS scientific result.
SYNTH_00513,SYNTH_G0256,B,-T1c,TC,0.40304182509505704,0.596958174904943,0.30231698193274015,-0.24788230233170894,0.24595255586225703,0.11409171259257816,60,203,true,true,false,Synthetic demonstration only — not a BraTS scientific result.
SYNTH_00513,SYNTH_G0256,B,-T1c,ET,0.0,1.0,0.2670748992957707,-0.3484396722721205,0.27918216208819197,0.11742926688881752,0,169,true,true,false,Synthetic demonstration only — not a BraTS scientific result.
SYNTH_00513,SYNTH_G0256,B,-T2,WT,0.5401459854014599,0.45985401459854014,0.36748034076233294,-0.12063983940786248,0.21715212061133293,0.09795964963167385,80,194,true,true,false,Synthetic demonstration only — not a BraTS scientific result.
SYNTH_00513,SYNTH_G0256,B,-T2,TC,0.5023696682464455,0.49763033175355453,0.30505137255128967,-0.14075247427501372,0.2231406902014018,0.0930969642050437,60,151,true,true,false,Synthetic demonstration only — not a BraTS scientific result.
SYNTH_00513,SYNTH_G0256,B,-T2,ET,0.0,1.0,0.20227817186236077,-0.26298755452412786,0.242009687190309,0.08972765084597285,0,107,true,true,false,Synthetic demonstration only — not a BraTS scientific result.
SYNTH_00513,SYNTH_G0256,B,-FLAIR,WT,0.5857740585774058,0.41422594142259417,0.31683391275881323,-0.11740917168902659,0.2127448242824679,0.09245518656470861,80,159,true,true,false,Synthetic demonstration only — not a BraTS scientific result.
SYNTH_00513,SYNTH_G0256,B,-FLAIR,TC,0.46017699115044247,0.5398230088495575,0.29472663062332266,-0.1437149009893499,0.2246027808654516,0.09319565217698972,60,166,true,true,false,Synthetic demonstration only — not a BraTS scientific result.
SYNTH_00513,SYNTH_G0256,B,-FLAIR,ET,0.0,1.0,0.20186154453881097,-0.25497995287723435,0.24246415184673728,0.09154032594777965,0,110,true,true,false,Synthetic demonstration only — not a BraTS scientific result.
SYNTH_00514,SYNTH_G0257,B,Full,WT,0.59375,0.40625,0.33944002398031997,-0.07013171860131184,0.2212660303936597,0.09080571068144078,80,176,true,true,false,Synthetic demonstration only — not a BraTS scientific result.
SYNTH_00514,SYNTH_G0257,B,Full,TC,0.5436893203883495,0.4563106796116505,0.3090102497962296,-0.08700380831763392,0.22339291016037857,0.08932132337953988,60,146,true,true,false,Synthetic demonstration only — not a BraTS scientific result.
SYNTH_00514,SYNTH_G0257,B,Full,ET,0.49327354260089684,0.5067264573991032,0.34010804056074145,-0.17141743508109533,0.21436364412182718,0.08774689411984953,60,163,true,true,false,Synthetic demonstration only — not a BraTS scientific result.
SYNTH_00514,SYNTH_G0257,B,-T1,WT,0.4962962962962963,0.5037037037037038,0.31907209422348815,-0.11954674845612949,0.21707298395291572,0.10298263217021277,80,190,true,true,false,Synthetic demonstration only — not a BraTS scientific result.
SYNTH_00514,SYNTH_G0257,B,-T1,TC,0.42276422764227645,0.5772357723577235,0.3367544037673934,-0.14374702321864194,0.23415389598739517,0.10910682221470255,60,186,true,true,false,Synthetic demonstration only — not a BraTS scientific result.
SYNTH_00514,SYNTH_G0257,B,-T1,ET,0.40310077519379844,0.5968992248062015,0.32287093067037764,-0.2570879069589361,0.24788094603738703,0.11080944729492642,60,198,true,true,false,Synthetic demonstration only — not a BraTS scientific result.
SYNTH_00514,SYNTH_G0257,B,-T1c,WT,0.4161490683229814,0.5838509316770186,0.34645899089703125,-0.2151958714014488,0.24560575479438287,0.12469516479163646,80,242,true,true,false,Synthetic demonstration only — not a BraTS scientific result.
SYNTH_00514,SYNTH_G0257,B,-T1c,TC,0.35379061371841153,0.6462093862815885,0.33884951257039747,-0.24788230233170894,0.25702919610896263,0.1251259053964319,60,217,true,true,false,Synthetic demonstration only — not a BraTS scientific result.
SYNTH_00514,SYNTH_G0257,B,-T1c,ET,0.35036496350364965,0.6496350364963503,0.3241801960927644,-0.3484396722721205,0.2578846493261405,0.12245346590274633,60,214,true,true,false,Synthetic demonstration only — not a BraTS scientific result.
SYNTH_00514,SYNTH_G0257,B,-T2,WT,0.5309090909090909,0.4690909090909091,0.3404104878846897,-0.12063983940786248,0.22057157072898936,0.10074286987409307,80,195,true,true,false,Synthetic demonstration only — not a BraTS scientific result.
SYNTH_00514,SYNTH_G0257,B,-T2,TC,0.43137254901960786,0.5686274509803921,0.33258786647020744,-0.14075247427501372,0.23113093933389137,0.10107595890766635,60,195,true,true,false,Synthetic demonstration only — not a BraTS scientific result.
SYNTH_00514,SYNTH_G0257,B,-T2,ET,0.42323651452282157,0.5767634854771784,0.31201343665389686,-0.26298755452412786,0.23009224455067134,0.10125257613638979,60,181,true,true,false,Synthetic demonstration only — not a BraTS scientific result.
SYNTH_00514,SYNTH_G0257,B,-FLAIR,WT,0.5092250922509225,0.4907749077490775,0.3365639521874816,-0.11740917168902659,0.22519063452293467,0.10230235810521057,80,191,true,true,false,Synthetic demonstration only — not a BraTS scientific result.
SYNTH_00514,SYNTH_G0257,B,-FLAIR,TC,0.42023346303501946,0.5797665369649805,0.34568577759158076,-0.1437149009893499,0.2432269692066156,0.11242944730934575,60,197,true,true,false,Synthetic demonstration only — not a BraTS scientific result.
SYNTH_00514,SYNTH_G0257,B,-FLAIR,ET,0.4166666666666667,0.5833333333333333,0.3286958196523808,-0.25497995287723435,0.25104860595178974,0.11394656413675268,60,204,true,true,false,Synthetic demonstration only — not a BraTS scientific result.
SYNTH_00515,SYNTH_G0257,B,Full,WT,0.8054607508532423,0.1945392491467577,0.4027788449225253,-0.07013171860131184,0.18786586707789618,0.07084595380873165,125,168,true,true,false,Synthetic demonstration only — not a BraTS scientific result.
SYNTH_00515,SYNTH_G0257,B,Full,TC,0.7868852459016393,0.21311475409836067,0.4019954744250968,-0.08700380831763392,0.18844465744832994,0.067538657058833,100,144,true,true,false,Synthetic demonstration only — not a BraTS scientific result.
SYNTH_00515,SYNTH_G0257,B,Full,ET,0.754863813229572,0.24513618677042803,0.3656288712468488,-0.17141743508109533,0.1909480768044887,0.0719913991892058,100,157,true,true,false,Synthetic demonstration only — not a BraTS scientific result.
SYNTH_00515,SYNTH_G0257,B,-T1,WT,0.6906906906906907,0.30930930930930933,0.3871954842521889,-0.11954674845612949,0.2044527747284384,0.09058746963241349,125,208,true,true,false,Synthetic demonstration only — not a BraTS scientific result.
SYNTH_00515,SYNTH_G0257,B,-T1,TC,0.6642335766423357,0.33576642335766427,0.3495074803838645,-0.14374702321864194,0.2032501237157407,0.08943168908668096,100,174,true,true,false,Synthetic demonstration only — not a BraTS scientific result.
SYNTH_00515,SYNTH_G0257,B,-T1,ET,0.643598615916955,0.356401384083045,0.35818455977991875,-0.2570879069589361,0.20797482981696386,0.08841483566080874,100,189,true,true,false,Synthetic demonstration only — not a BraTS scientific result.
SYNTH_00515,SYNTH_G0257,B,-T1c,WT,0.6162162162162163,0.38378378378378375,0.37893152371925726,-0.2151958714014488,0.21262282745263095,0.10761957457332454,125,245,true,true,false,Synthetic demonstration only — not a BraTS scientific result.
SYNTH_00515,SYNTH_G0257,B,-T1c,TC,0.536144578313253,0.463855421686747,0.39758705486667595,-0.24788230233170894,0.22580369606781558,0.11136692866017363,100,232,true,true,false,Synthetic demonstration only — not a BraTS scientific result.
SYNTH_00515,SYNTH_G0257,B,-T1c,ET,0.5253731343283582,0.4746268656716418,0.36022209590717125,-0.3484396722721205,0.21852084087692594,0.11032034481123834,100,235,true,true,false,Synthetic demonstration only — not a BraTS scientific result.
SYNTH_00515,SYNTH_G0257,B,-T2,WT,0.6822157434402333,0.3177842565597667,0.4185616871418033,-0.12063983940786248,0.19598020296779045,0.09157317330897669,125,218,true,true,false,Synthetic demonstration only — not a BraTS scientific result.
SYNTH_00515,SYNTH_G0257,B,-T2,TC,0.6312292358803987,0.3687707641196013,0.3800044990493447,-0.14075247427501372,0.20902928666606463,0.09452092698295923,100,201,true,true,false,Synthetic demonstration only — not a BraTS scientific result.
SYNTH_00515,SYNTH_G0257,B,-T2,ET,0.62,0.38,0.38806563806563804,-0.26298755452412786,0.20263783751690628,0.09036552903179235,100,200,true,true,false,Synthetic demonstration only — not a BraTS scientific result.
SYNTH_00515,SYNTH_G0257,B,-FLAIR,WT,0.6568047337278107,0.3431952662721893,0.4058367242117278,-0.11740917168902659,0.20275958212836565,0.09345779029317247,125,213,true,true,false,Synthetic demonstration only — not a BraTS scientific result.
SYNTH_00515,SYNTH_G0257,B,-FLAIR,TC,0.625,0.375,0.37746967123931036,-0.1437149009893499,0.20896060512165296,0.09130913173303613,100,188,true,true,false,Synthetic demonstration only — not a BraTS scientific result.
SYNTH_00515,SYNTH_G0257,B,-FLAIR,ET,0.6072607260726073,0.3927392739273927,0.3798447158123584,-0.25497995287723435,0.20876874013801067,0.091677438707874,100,203,true,true,false,Synthetic demonstration only — not a BraTS scientific result.
SYNTH_00516,SYNTH_G0258,B,Full,WT,0.8571428571428571,0.1428571428571429,0.4449358853695256,-0.07013171860131184,0.17623043990100884,0.06204312639674407,125,155,true,true,false,Synthetic demonstration only — not a BraTS scientific result.
SYNTH_00516,SYNTH_G0258,B,Full,TC,0.8185654008438819,0.18143459915611815,0.42275230987917556,-0.08700380831763392,0.17555445111756401,0.05930776076114366,100,137,true,true,false,Synthetic demonstration only — not a BraTS scientific result.
SYNTH_00516,SYNTH_G0258,B,Full,ET,0.7836734693877551,0.21632653061224494,0.3998998454119008,-0.17141743508109533,0.18153277762229997,0.06432060690197494,100,145,true,true,false,Synthetic demonstration only — not a BraTS scientific result.
SYNTH_00516,SYNTH_G0258,B,-T1,WT,0.7217125382262997,0.27828746177370034,0.41740581028866824,-0.11954674845612949,0.20294168184187422,0.08593956329419675,125,202,true,true,false,Synthetic demonstration only — not a BraTS scientific result.
SYNTH_00516,SYNTH_G0258,B,-T1,TC,0.6762589928057554,0.3237410071942446,0.3931883318317273,-0.14374702321864194,0.20457474645474627,0.08625423038795782,100,178,true,true,false,Synthetic demonstration only — not a BraTS scientific result.
SYNTH_00516,SYNTH_G0258,B,-T1,ET,0.6962962962962963,0.3037037037037037,0.37309173799759265,-0.2570879069589361,0.19563196607177924,0.08090854679744083,100,170,true,true,false,Synthetic demonstration only — not a BraTS scientific result.
SYNTH_00516,SYNTH_G0258,B,-T1c,WT,0.6686217008797654,0.33137829912023464,0.41334963665511015,-0.2151958714014488,0.20083928716871155,0.09994123748982953,125,216,true,true,false,Synthetic demonstration only — not a BraTS scientific result.
SYNTH_00516,SYNTH_G0258,B,-T1c,TC,0.5921052631578947,0.4078947368421053,0.39517320358946323,-0.24788230233170894,0.21807619663813904,0.10129866471732571,100,204,true,true,false,Synthetic demonstration only — not a BraTS scientific result.
SYNTH_00516,SYNTH_G0258,B,-T1c,ET,0.56,0.43999999999999995,0.3547928304086672,-0.3484396722721205,0.22145300768867549,0.10004856909435197,100,200,true,true,false,Synthetic demonstration only — not a BraTS scientific result.
SYNTH_00516,SYNTH_G0258,B,-T2,WT,0.7588424437299035,0.2411575562700965,0.3998325305847647,-0.12063983940786248,0.19118448209375802,0.07832528500476962,125,186,true,true,false,Synthetic demonstration only — not a BraTS scientific result.
SYNTH_00516,SYNTH_G0258,B,-T2,TC,0.7218045112781954,0.27819548872180455,0.345862882310859,-0.14075247427501372,0.1915974018885062,0.07711583698062653,100,166,true,true,false,Synthetic demonstration only — not a BraTS scientific result.
SYNTH_00516,SYNTH_G0258,B,-T2,ET,0.7054545454545454,0.29454545454545455,0.3834447363011526,-0.26298755452412786,0.1969706107013266,0.08477244872410453,100,175,true,true,false,Synthetic demonstration only — not a BraTS scientific result.
SYNTH_00516,SYNTH_G0258,B,-FLAIR,WT,0.7080745341614907,0.2919254658385093,0.4066014480697061,-0.11740917168902659,0.18860847003558295,0.08289719742716146,125,197,true,true,false,Synthetic demonstration only — not a BraTS scientific result.
SYNTH_00516,SYNTH_G0258,B,-FLAIR,TC,0.6549295774647887,0.34507042253521125,0.3628832744128167,-0.1437149009893499,0.20745151396843345,0.08723061952364695,100,184,true,true,false,Synthetic demonstration only — not a BraTS scientific result.
SYNTH_00516,SYNTH_G0258,B,-FLAIR,ET,0.7058823529411765,0.2941176470588235,0.3756156090112368,-0.25497995287723435,0.19338091321232354,0.08129665855568209,100,155,true,true,false,Synthetic demonstration only — not a BraTS scientific result.
SYNTH_00517,SYNTH_G0258,B,Full,WT,0.7037037037037037,0.2962962962962963,0.37218519257533783,-0.07013171860131184,0.1958429468516164,0.06900921393439398,80,136,true,true,false,Synthetic demonstration only — not a BraTS scientific result.
SYNTH_00517,SYNTH_G0258,B,Full,TC,0.6787878787878788,0.32121212121212117,0.3146642265614659,-0.08700380831763392,0.18828513942671632,0.06353896003414838,60,105,true,true,false,Synthetic demonstration only — not a BraTS scientific result.
SYNTH_00517,SYNTH_G0258,B,Full,ET,0.7058823529411765,0.2941176470588235,0.32775137458240766,-0.17141743508109533,0.1932498518440079,0.06341708849124066,60,110,true,true,false,Synthetic demonstration only — not a BraTS scientific result.
SYNTH_00517,SYNTH_G0258,B,-T1,WT,0.5819672131147541,0.4180327868852459,0.34686754719440993,-0.11954674845612949,0.20281412809193475,0.08629270946892026,80,164,true,true,false,Synthetic demonstration only — not a BraTS scientific result.
SYNTH_00517,SYNTH_G0258,B,-T1,TC,0.55,0.44999999999999996,0.313502643014983,-0.14374702321864194,0.2115604829709897,0.08657887667895116,60,140,true,true,false,Synthetic demonstration only — not a BraTS scientific result.
SYNTH_00517,SYNTH_G0258,B,-T1,ET,0.5346534653465347,0.4653465346534653,0.3092360184312237,-0.2570879069589361,0.21281726478422144,0.0855508802687594,60,142,true,true,false,Synthetic demonstration only — not a BraTS scientific result.
SYNTH_00517,SYNTH_G0258,B,-T1c,WT,0.49635036496350365,0.5036496350364963,0.33897526520175253,-0.2151958714014488,0.22005296269118288,0.10021533664606361,80,194,true,true,false,Synthetic demonstration only — not a BraTS scientific result.
SYNTH_00517,SYNTH_G0258,B,-T1c,TC,0.45,0.55,0.2957778576978028,-0.24788230233170894,0.23710554338008982,0.10388503908947626,60,180,true,true,false,Synthetic demonstration only — not a BraTS scientific result.
SYNTH_00517,SYNTH_G0258,B,-T1c,ET,0.4318181818181818,0.5681818181818181,0.33615919663016963,-0.3484396722721205,0.23995395214640464,0.10784204095108262,60,204,true,true,false,Synthetic demonstration only — not a BraTS scientific result.
SYNTH_00517,SYNTH_G0258,B,-T2,WT,0.6060606060606061,0.3939393939393939,0.3366456316006319,-0.12063983940786248,0.1976866502368971,0.0835587457079583,80,151,true,true,false,Synthetic demonstration only — not a BraTS scientific result.
SYNTH_00517,SYNTH_G0258,B,-T2,TC,0.5428571428571428,0.4571428571428572,0.3066277629863008,-0.14075247427501372,0.22053244185687101,0.08859558253676848,60,150,true,true,false,Synthetic demonstration only — not a BraTS scientific result.
SYNTH_00517,SYNTH_G0258,B,-T2,ET,0.5841584158415841,0.4158415841584159,0.31654456637385797,-0.26298755452412786,0.21336634198306811,0.08381168528514277,60,142,true,true,false,Synthetic demonstration only — not a BraTS scientific result.
SYNTH_00517,SYNTH_G0258,B,-FLAIR,WT,0.6108786610878661,0.38912133891213385,0.35430475817496093,-0.11740917168902659,0.2009562365586339,0.08419072604463737,80,159,true,true,false,Synthetic demonstration only — not a BraTS scientific result.
SYNTH_00517,SYNTH_G0258,B,-FLAIR,TC,0.5436893203883495,0.4563106796116505,0.31366164786199935,-0.1437149009893499,0.21576629936832134,0.08713504244988203,60,146,true,true,false,Synthetic demonstration only — not a BraTS scientific result.
SYNTH_00517,SYNTH_G0258,B,-FLAIR,ET,0.5277777777777778,0.4722222222222222,0.3459329541954057,-0.25497995287723435,0.22108645042716796,0.08976435296198168,60,156,true,true,false,Synthetic demonstration only — not a BraTS scientific result.
SYNTH_00518,SYNTH_G0259,B,Full,WT,0.9501915708812261,0.04980842911877392,0.5601708837122954,-0.07013171860131184,0.16243616003824757,0.04249667776496459,125,136,true,true,false,Synthetic demonstration only — not a BraTS scientific result.
SYNTH_00518,SYNTH_G0259,B,Full,TC,0.9569377990430622,0.0430622009569378,0.4923128054740958,-0.08700380831763392,0.15753558973998136,0.039997911965992304,100,109,true,true,false,Synthetic demonstration only — not a BraTS scientific result.
SYNTH_00518,SYNTH_G0259,B,Full,ET,0.9519230769230769,0.04807692307692313,0.5265444324309373,-0.17141743508109533,0.16117260811494802,0.0401300578814765,100,108,true,true,false,Synthetic demonstration only — not a BraTS scientific result.
SYNTH_00518,SYNTH_G0259,B,-T1,WT,0.8992805755395683,0.1007194244604317,0.47757003419271704,-0.11954674845612949,0.1718196000390818,0.05474291444314177,125,153,true,true,false,Synthetic demonstration only — not a BraTS scientific result.
SYNTH_00518,SYNTH_G0259,B,-T1,TC,0.8384279475982532,0.16157205240174677,0.41876773733778194,-0.14374702321864194,0.1778433059250355,0.05874278909461428,100,129,true,true,false,Synthetic demonstration only — not a BraTS scientific result.
SYNTH_00518,SYNTH_G0259,B,-T1,ET,0.8660714285714286,0.1339285714285714,0.40206652512384994,-0.2570879069589361,0.17909042136893516,0.05836298786201433,100,124,true,true,false,Synthetic demonstration only — not a BraTS scientific result.
SYNTH_00518,SYNTH_G0259,B,-T1c,WT,0.7452229299363057,0.2547770700636943,0.4140319494570542,-0.2151958714014488,0.19553922681609684,0.07712101600033766,125,189,true,true,false,Synthetic demonstration only — not a BraTS scientific result.
SYNTH_00518,SYNTH_G0259,B,-T1c,TC,0.6891385767790262,0.31086142322097376,0.35660119910334487,-0.24788230233170894,0.1973861027556376,0.08100670648238292,100,167,true,true,false,Synthetic demonstration only — not a BraTS scientific result.
SYNTH_00518,SYNTH_G0259,B,-T1c,ET,0.6966292134831461,0.3033707865168539,0.365485291495039,-0.3484396722721205,0.19808230192946863,0.08440431175944958,100,167,true,true,false,Synthetic demonstration only — not a BraTS scientific result.
SYNTH_00518,SYNTH_G0259,B,-T2,WT,0.8745519713261649,0.1254480286738351,0.48225301735165393,-0.12063983940786248,0.1728525793819678,0.056241503278787186,125,154,true,true,false,Synthetic demonstration only — not a BraTS scientific result.
SYNTH_00518,SYNTH_G0259,B,-T2,TC,0.8699551569506726,0.1300448430493274,0.41243565955988265,-0.14075247427501372,0.18303658899692718,0.05830475178699893,100,123,true,true,false,Synthetic demonstration only — not a BraTS scientific result.
SYNTH_00518,SYNTH_G0259,B,-T2,ET,0.8362068965517241,0.1637931034482759,0.4179029220581982,-0.26298755452412786,0.1829162130023994,0.05894072333508463,100,132,true,true,false,Synthetic demonstration only — not a BraTS scientific result.
SYNTH_00518,SYNTH_G0259,B,-FLAIR,WT,0.851985559566787,0.148014440433213,0.470937012400427,-0.11740917168902659,0.17246303234739288,0.059153879348112934,125,152,true,true,false,Synthetic demonstration only — not a BraTS scientific result.
SYNTH_00518,SYNTH_G0259,B,-FLAIR,TC,0.8738738738738738,0.12612612612612617,0.42806280467531954,-0.1437149009893499,0.16903150650012458,0.05441007763828414,100,122,true,true,false,Synthetic demonstration only — not a BraTS scientific result.
SYNTH_00518,SYNTH_G0259,B,-FLAIR,ET,0.8608695652173913,0.13913043478260867,0.424884610748029,-0.25497995287723435,0.17447800710016861,0.05631572345406119,100,130,true,true,false,Synthetic demonstration only — not a BraTS scientific result.
SYNTH_00519,SYNTH_G0259,B,Full,WT,0.5204460966542751,0.4795539033457249,0.312683524749687,-0.07013171860131184,0.22368670929108705,0.1010175339328078,80,189,true,true,false,Synthetic demonstration only — not a BraTS scientific result.
SYNTH_00519,SYNTH_G0259,B,Full,TC,0.45188284518828453,0.5481171548117154,0.3205987273348573,-0.08700380831763392,0.22596750240774222,0.09999343415899627,60,179,true,true,false,Synthetic demonstration only — not a BraTS scientific result.
SYNTH_00519,SYNTH_G0259,B,Full,ET,0.44635193133047213,0.5536480686695279,0.2988313617008642,-0.17141743508109533,0.22922704172805825,0.10022546449707215,60,173,true,true,false,Synthetic demonstration only — not a BraTS scientific result.
SYNTH_00519,SYNTH_G0259,B,-T1,WT,0.43729903536977494,0.562700964630225,0.3541468749255804,-0.11954674845612949,0.244901878852425,0.11983803068173304,80,231,true,true,false,Synthetic demonstration only — not a BraTS scientific result.
SYNTH_00519,SYNTH_G0259,B,-T1,TC,0.375886524822695,0.624113475177305,0.3293161994806578,-0.14374702321864194,0.247654735541548,0.11652423077944125,60,222,true,true,false,Synthetic demonstration only — not a BraTS scientific result.
SYNTH_00519,SYNTH_G0259,B,-T1,ET,0.4,0.6,0.3376414297364966,-0.2570879069589361,0.2522584131357538,0.11984647074034235,60,220,true,true,false,Synthetic demonstration only — not a BraTS scientific result.
SYNTH_00519,SYNTH_G0259,B,-T1c,WT,0.3826086956521739,0.6173913043478261,0.3748168939573061,-0.2151958714014488,0.2534208217351545,0.1364529737287998,80,265,true,true,false,Synthetic demonstration only — not a BraTS scientific result.
SYNTH_00519,SYNTH_G0259,B,-T1c,TC,0.32432432432432434,0.6756756756756757,0.3407633523145282,-0.24788230233170894,0.2590383211158446,0.13198438946986865,60,236,true,true,false,Synthetic demonstration only — not a BraTS scientific result.
SYNTH_00519,SYNTH_G0259,B,-T1c,ET,0.2967741935483871,0.7032258064516129,0.3341024105880365,-0.3484396722721205,0.2724419466291894,0.14087069996205825,60,250,true,true,false,Synthetic demonstration only — not a BraTS scientific result.
SYNTH_00519,SYNTH_G0259,B,-T2,WT,0.44660194174757284,0.5533980582524272,0.34162212031632805,-0.12063983940786248,0.2360412436515193,0.11791429226210769,80,229,true,true,false,Synthetic demonstration only — not a BraTS scientific result.
SYNTH_00519,SYNTH_G0259,B,-T2,TC,0.35507246376811596,0.644927536231884,0.34555610686318255,-0.14075247427501372,0.24682773792950582,0.1206404753126411,60,216,true,true,false,Synthetic demonstration only — not a BraTS scientific result.
SYNTH_00519,SYNTH_G0259,B,-T2,ET,0.37174721189591076,0.6282527881040892,0.3488936201667972,-0.26298755452412786,0.251131831261369,0.11861902137263956,60,209,true,true,false,Synthetic demonstration only — not a BraTS scientific result.
SYNTH_00519,SYNTH_G0259,B,-FLAIR,WT,0.4864864864864865,0.5135135135135135,0.3455602325624745,-0.11740917168902659,0.2380135228338847,0.11464203200652312,80,216,true,true,false,Synthetic demonstration only — not a BraTS scientific result.
SYNTH_00519,SYNTH_G0259,B,-FLAIR,TC,0.35125448028673834,0.6487455197132617,0.30571880344433094,-0.1437149009893499,0.25753794459814744,0.12365191228815088,60,219,true,true,false,Synthetic demonstration only — not a BraTS scientific result.
SYNTH_00519,SYNTH_G0259,B,-FLAIR,ET,0.3829787234042553,0.6170212765957447,0.3462757997589306,-0.25497995287723435,0.25657284425559135,0.12242730586424383,60,222,true,true,false,Synthetic demonstration only — not a BraTS scientific result.
SYNTH_00520,SYNTH_G0260,B,Full,WT,0.9960159362549801,0.003984063745019917,0.6145020096104482,-0.07013171860131184,0.15543814504601094,0.03668362902934979,125,126,true,true,false,Synthetic demonstration only — not a BraTS scientific result.
SYNTH_00520,SYNTH_G0260,B,Full,TC,0.9753694581280788,0.024630541871921152,0.5570727114428935,-0.08700380831763392,0.15109337925508806,0.03852959297345836,100,103,true,true,false,Synthetic demonstration only — not a BraTS scientific result.
SYNTH_00520,SYNTH_G0260,B,Full,ET,0.9801980198019802,0.01980198019801982,0.5571059462204228,-0.17141743508109533,0.15120268962782576,0.03816322255915724,100,102,true,true,false,Synthetic demonstration only — not a BraTS scientific result.
SYNTH_00520,SYNTH_G0260,B,-T1,WT,0.9253731343283582,0.07462686567164178,0.49471636261792507,-0.11954674845612949,0.17164198087835417,0.052197907752980936,125,143,true,true,false,Synthetic demonstration only — not a BraTS scientific result.
SYNTH_00520,SYNTH_G0260,B,-T1,TC,0.8471615720524017,0.15283842794759828,0.41187668469120486,-0.14374702321864194,0.17521439987244136,0.055967708451543925,100,129,true,true,false,Synthetic demonstration only — not a BraTS scientific result.
SYNTH_00520,SYNTH_G0260,B,-T1,ET,0.9065420560747663,0.09345794392523366,0.4093631815521549,-0.2570879069589361,0.17432777157186236,0.05361045221031279,100,114,true,true,false,Synthetic demonstration only — not a BraTS scientific result.
SYNTH_00520,SYNTH_G0260,B,-T1c,WT,0.7625418060200669,0.23745819397993306,0.421218466243504,-0.2151958714014488,0.18295423832835536,0.07451954451651001,125,174,true,true,false,Synthetic demonstration only — not a BraTS scientific result.
SYNTH_00520,SYNTH_G0260,B,-T1c,TC,0.754863813229572,0.24513618677042803,0.4006196380407055,-0.24788230233170894,0.17932059887300805,0.07242313560999805,100,157,true,true,false,Synthetic demonstration only — not a BraTS scientific result.
SYNTH_00520,SYNTH_G0260,B,-T1c,ET,0.7286821705426356,0.2713178294573644,0.36625035519071886,-0.3484396722721205,0.19639829249925078,0.07830705231967364,100,158,true,true,false,Synthetic demonstration only — not a BraTS scientific result.
SYNTH_00520,SYNTH_G0260,B,-T2,WT,0.9070631970260223,0.09293680297397766,0.46027710213682516,-0.12063983940786248,0.17143483539163729,0.053719483588266094,125,144,true,true,false,Synthetic demonstration only — not a BraTS scientific result.
SYNTH_00520,SYNTH_G0260,B,-T2,TC,0.8533333333333334,0.1466666666666666,0.43867666047418924,-0.14075247427501372,0.17377750833465608,0.05490215878735358,100,125,true,true,false,Synthetic demonstration only — not a BraTS scientific result.
SYNTH_00520,SYNTH_G0260,B,-T2,ET,0.8711111111111111,0.12888888888888894,0.4422917181609449,-0.26298755452412786,0.17065249219370748,0.05299683665727772,100,125,true,true,false,Synthetic demonstration only — not a BraTS scientific result.
SYNTH_00520,SYNTH_G0260,B,-FLAIR,WT,0.8905109489051095,0.10948905109489049,0.45912150942284835,-0.11740917168902659,0.18189766262916637,0.05793392591057445,125,149,true,true,false,Synthetic demonstration only — not a BraTS scientific result.
SYNTH_00520,SYNTH_G0260,B,-FLAIR,TC,0.9074074074074074,0.09259259259259256,0.4127559899627651,-0.1437149009893499,0.17693957849821063,0.05545259660533448,100,116,true,true,false,Synthetic demonstration only — not a BraTS scientific result.
SYNTH_00520,SYNTH_G0260,B,-FLAIR,ET,0.8722466960352423,0.1277533039647577,0.4279073212597842,-0.25497995287723435,0.17361470104828663,0.05401789514494994,100,127,true,true,false,Synthetic demonstration only — not a BraTS scientific result.
SYNTH_00521,SYNTH_G0260,B,Full,WT,0.5535055350553506,0.4464944649446494,0.34832825510435494,-0.07013171860131184,0.21459054662651997,0.09637795391761571,80,191,true,true,false,Synthetic demonstration only — not a BraTS scientific result.
SYNTH_00521,SYNTH_G0260,B,Full,TC,0.4669603524229075,0.5330396475770924,0.31001160698862895,-0.08700380831763392,0.22744231336602955,0.09919876247999254,60,167,true,true,false,Synthetic demonstration only — not a BraTS scientific result.
SYNTH_00521,SYNTH_G0260,B,Full,ET,0.5135135135135135,0.4864864864864865,0.30219275254359906,-0.17141743508109533,0.2239238549964229,0.09389420734904146,60,162,true,true,false,Synthetic demonstration only — not a BraTS scientific result.
SYNTH_00521,SYNTH_G0260,B,-T1,WT,0.49295774647887325,0.5070422535211268,0.34618603834868383,-0.11954674845612949,0.22824013311494834,0.1065715134334197,80,204,true,true,false,Synthetic demonstration only — not a BraTS scientific result.
SYNTH_00521,SYNTH_G0260,B,-T1,TC,0.39114391143911437,0.6088560885608856,0.34343978610883014,-0.14374702321864194,0.24266997299001658,0.11248101881700712,60,211,true,true,false,Synthetic demonstration only — not a BraTS scientific result.
SYNTH_00521,SYNTH_G0260,B,-T1,ET,0.4,0.6,0.33039262091245725,-0.2570879069589361,0.24909371235293695,0.1139038804281945,60,205,true,true,false,Synthetic demonstration only — not a BraTS scientific result.
SYNTH_00521,SYNTH_G0260,B,-T1c,WT,0.4,0.6,0.3355079203605011,-0.2151958714014488,0.24667142893187902,0.12675243648933948,80,240,true,true,false,Synthetic demonstration only — not a BraTS scientific result.
SYNTH_00521,SYNTH_G0260,B,-T1c,TC,0.29042904290429045,0.7095709570957096,0.32528838931936915,-0.24788230233170894,0.263552885855966,0.13499356850484143,60,243,true,true,false,Synthetic demonstration only — not a BraTS scientific result.
SYNTH_00521,SYNTH_G0260,B,-T1c,ET,0.3003194888178914,0.6996805111821086,0.33026913426959503,-0.3484396722721205,0.2679656998690108,0.13734849965399704,60,253,true,true,false,Synthetic demonstration only — not a BraTS scientific result.
SYNTH_00521,SYNTH_G0260,B,-T2,WT,0.46853146853146854,0.5314685314685315,0.3215339233038348,-0.12063983940786248,0.24093043348158164,0.1170184438116548,80,206,true,true,false,Synthetic demonstration only — not a BraTS scientific result.
SYNTH_00521,SYNTH_G0260,B,-T2,TC,0.40441176470588236,0.5955882352941176,0.326033710262428,-0.14075247427501372,0.2490832951806523,0.11432489585234082,60,212,true,true,false,Synthetic demonstration only — not a BraTS scientific result.
SYNTH_00521,SYNTH_G0260,B,-T2,ET,0.36496350364963503,0.635036496350365,0.32949172466262566,-0.26298755452412786,0.24714866762608123,0.11471942713832527,60,214,true,true,false,Synthetic demonstration only — not a BraTS scientific result.
SYNTH_00521,SYNTH_G0260,B,-FLAIR,WT,0.41025641025641024,0.5897435897435898,0.3436775001121264,-0.11740917168902659,0.24883981777513023,0.12514429126380466,80,232,true,true,false,Synthetic demonstration only — not a BraTS scientific result.
SYNTH_00521,SYNTH_G0260,B,-FLAIR,TC,0.3745583038869258,0.6254416961130742,0.34788153496990604,-0.1437149009893499,0.2547876098699994,0.11913608198440714,60,223,true,true,false,Synthetic demonstration only — not a BraTS scientific result.
SYNTH_00521,SYNTH_G0260,B,-FLAIR,ET,0.38405797101449274,0.6159420289855073,0.3206060273223742,-0.25497995287723435,0.2541668744334958,0.12015928937809889,60,216,true,true,false,Synthetic demonstration only — not a BraTS scientific result.
SYNTH_00522,SYNTH_G0261,B,Full,WT,0.9612403100775194,0.03875968992248058,0.5587799945120681,-0.07013171860131184,0.15976376848845686,0.04383204770193744,125,133,true,true,false,Synthetic demonstration only — not a BraTS scientific result.
SYNTH_00522,SYNTH_G0261,B,Full,TC,0.9658536585365853,0.034146341463414664,0.5099761086759073,-0.08700380831763392,0.15481498758446183,0.040973476152376585,100,105,true,true,false,Synthetic demonstration only — not a BraTS scientific result.
SYNTH_00522,SYNTH_G0261,B,Full,ET,0.0,1.0,0.11153078529916652,-0.17141743508109533,0.17369983069288422,0.0464910589740395,0,16,true,true,false,Synthetic demonstration only — not a BraTS scientific result.
SYNTH_00522,SYNTH_G0261,B,-T1,WT,0.8442906574394463,0.1557093425605537,0.4393781650172397,-0.11954674845612949,0.17827859326515955,0.06311579144247036,125,164,true,true,false,Synthetic demonstration only — not a BraTS scientific result.
SYNTH_00522,SYNTH_G0261,B,-T1,TC,0.8270042194092827,0.1729957805907173,0.403894538872801,-0.14374702321864194,0.18367554949761294,0.06175952615374073,100,137,true,true,false,Synthetic demonstration only — not a BraTS scientific result.
SYNTH_00522,SYNTH_G0261,B,-T1,ET,0.0,1.0,0.16161591089488908,-0.2570879069589361,0.1988289199497992,0.06137728854922161,0,41,true,true,false,Synthetic demonstration only — not a BraTS scientific result.
SYNTH_00522,SYNTH_G0261,B,-T1c,WT,0.6892307692307692,0.3107692307692308,0.3823511340132449,-0.2151958714014488,0.18837274346661714,0.08838251493765509,125,200,true,true,false,Synthetic demonstration only — not a BraTS scientific result.
SYNTH_00522,SYNTH_G0261,B,-T1c,TC,0.6762589928057554,0.3237410071942446,0.4009326098820792,-0.24788230233170894,0.2020561491627008,0.0843808082863379,100,178,true,true,false,Synthetic demonstration only — not a BraTS scientific result.
SYNTH_00522,SYNTH_G0261,B,-T1c,ET,0.0,1.0,0.20525291317473898,-0.3484396722721205,0.23457000326675945,0.08524492546649379,0,95,true,true,false,Synthetic demonstration only — not a BraTS scientific result.
SYNTH_00522,SYNTH_G0261,B,-T2,WT,0.821917808219178,0.17808219178082196,0.46869381264191734,-0.12063983940786248,0.176951579975236,0.06431185842518955,125,167,true,true,false,Synthetic demonstration only — not a BraTS scientific result.
SYNTH_00522,SYNTH_G0261,B,-T2,TC,0.8448275862068966,0.15517241379310343,0.40684514882276074,-0.14075247427501372,0.18026263745387833,0.05889316666581457,100,132,true,true,false,Synthetic demonstration only — not a BraTS scientific result.
SYNTH_00522,SYNTH_G0261,B,-T2,ET,0.0,1.0,0.1755061363532149,-0.26298755452412786,0.21085110067066576,0.06714155820240468,0,52,true,true,false,Synthetic demonstration only — not a BraTS scientific result.
SYNTH_00522,SYNTH_G0261,B,-FLAIR,WT,0.8501742160278746,0.14982578397212543,0.4526321352153197,-0.11740917168902659,0.17861786045384476,0.06302274326570509,125,162,true,true,false,Synthetic demonstration only — not a BraTS scientific result.
SYNTH_00522,SYNTH_G0261,B,-FLAIR,TC,0.8173913043478261,0.18260869565217386,0.4034071479800911,-0.1437149009893499,0.1779422280573548,0.061302551360051034,100,130,true,true,false,Synthetic demonstration only — not a BraTS scientific result.
SYNTH_00522,SYNTH_G0261,B,-FLAIR,ET,0.0,1.0,0.17360212186635907,-0.25497995287723435,0.20358217857332264,0.06517625151427847,0,41,true,true,false,Synthetic demonstration only — not a BraTS scientific result.
SYNTH_00523,SYNTH_G0261,B,Full,WT,0.8913043478260869,0.10869565217391308,0.4785792571422561,-0.07013171860131184,0.17686127371004615,0.05366653504914298,125,151,true,true,false,Synthetic demonstration only — not a BraTS scientific result.
SYNTH_00523,SYNTH_G0261,B,Full,TC,0.8733624454148472,0.1266375545851528,0.42858940657377936,-0.08700380831763392,0.17426960780986137,0.05319568585138267,100,129,true,true,false,Synthetic demonstration only — not a BraTS scientific result.
SYNTH_00523,SYNTH_G0261,B,Full,ET,0.8260869565217391,0.17391304347826086,0.4237599097965351,-0.17141743508109533,0.16819246164937673,0.05780513723598228,100,130,true,true,false,Synthetic demonstration only — not a BraTS scientific result.
SYNTH_00523,SYNTH_G0261,B,-T1,WT,0.8231292517006803,0.1768707482993197,0.3947688784645306,-0.11954674845612949,0.18694750015865214,0.07020719503154577,125,169,true,true,false,Synthetic demonstration only — not a BraTS scientific result.
SYNTH_00523,SYNTH_G0261,B,-T1,TC,0.7741935483870968,0.22580645161290325,0.37300501115736984,-0.14374702321864194,0.18731076348158712,0.07210534190335167,100,148,true,true,false,Synthetic demonstration only — not a BraTS scientific result.
SYNTH_00523,SYNTH_G0261,B,-T1,ET,0.7218045112781954,0.27819548872180455,0.3543648803495778,-0.2570879069589361,0.1989529465138994,0.07770695952371838,100,166,true,true,false,Synthetic demonstration only — not a BraTS scientific result.
SYNTH_00523,SYNTH_G0261,B,-T1c,WT,0.6551724137931034,0.3448275862068966,0.40060929017289376,-0.2151958714014488,0.20662072439507836,0.09876815743759211,125,223,true,true,false,Synthetic demonstration only — not a BraTS scientific result.
SYNTH_00523,SYNTH_G0261,B,-T1c,TC,0.621160409556314,0.378839590443686,0.35819315517377115,-0.24788230233170894,0.20340686039647457,0.09206736466117547,100,193,true,true,false,Synthetic demonstration only — not a BraTS scientific result.
SYNTH_00523,SYNTH_G0261,B,-T1c,ET,0.5723684210526315,0.4276315789473685,0.3624055795046594,-0.3484396722721205,0.2096312321328253,0.0991741746836663,100,204,true,true,false,Synthetic demonstration only — not a BraTS scientific result.
SYNTH_00523,SYNTH_G0261,B,-T2,WT,0.759493670886076,0.240506329113924,0.40758767658619915,-0.12063983940786248,0.19613833709405712,0.07709212741708232,125,191,true,true,false,Synthetic demonstration only — not a BraTS scientific result.
SYNTH_00523,SYNTH_G0261,B,-T2,TC,0.76,0.24,0.36458629976196366,-0.14075247427501372,0.19175877057928425,0.07097486578412227,100,150,true,true,false,Synthetic demonstration only — not a BraTS scientific result.
SYNTH_00523,SYNTH_G0261,B,-T2,ET,0.7619047619047619,0.23809523809523814,0.352410859938076,-0.26298755452412786,0.1929642997576352,0.06929445820891283,100,152,true,true,false,Synthetic demonstration only — not a BraTS scientific result.
SYNTH_00523,SYNTH_G0261,B,-FLAIR,WT,0.8068965517241379,0.19310344827586212,0.411098416880447,-0.11740917168902659,0.19105195730647953,0.07236564902550001,125,165,true,true,false,Synthetic demonstration only — not a BraTS scientific result.
SYNTH_00523,SYNTH_G0261,B,-FLAIR,TC,0.7401574803149606,0.25984251968503935,0.408854026771631,-0.1437149009893499,0.19184315987483033,0.07189357675285081,100,154,true,true,false,Synthetic demonstration only — not a BraTS scientific result.
SYNTH_00523,SYNTH_G0261,B,-FLAIR,ET,0.7250996015936255,0.2749003984063745,0.36474543727374875,-0.25497995287723435,0.18502813136265062,0.07358788585839365,100,151,true,true,false,Synthetic demonstration only — not a BraTS scientific result.
SYNTH_00524,SYNTH_G0262,B,Full,WT,0.994475138121547,0.0055248618784530246,0.7309117353392114,-0.07013171860131184,0.1467798347518043,0.03274328028433379,180,182,true,true,false,Synthetic demonstration only — not a BraTS scientific result.
SYNTH_00524,SYNTH_G0262,B,Full,TC,0.9735099337748344,0.026490066225165587,0.7071249003258923,-0.08700380831763392,0.1447153133007218,0.03332830632462025,150,152,true,true,false,Synthetic demonstration only — not a BraTS scientific result.
SYNTH_00524,SYNTH_G0262,B,Full,ET,0.9900990099009901,0.00990099009900991,0.7110915291759815,-0.17141743508109533,0.14582264034145803,0.03243476237734787,150,153,true,true,false,Synthetic demonstration only — not a BraTS scientific result.
SYNTH_00524,SYNTH_G0262,B,-T1,WT,0.9396325459317585,0.06036745406824151,0.5987399044060627,-0.11954674845612949,0.16602254575086672,0.04786037115949212,180,201,true,true,false,Synthetic demonstration only — not a BraTS scientific result.
SYNTH_00524,SYNTH_G0262,B,-T1,TC,0.9419354838709677,0.058064516129032295,0.5347790051836698,-0.14374702321864194,0.17197259269874507,0.05154901527634046,150,160,true,true,false,Synthetic demonstration only — not a BraTS scientific result.
SYNTH_00524,SYNTH_G0262,B,-T1,ET,0.9449838187702265,0.055016181229773475,0.5316426265290745,-0.2570879069589361,0.16475367680093575,0.04798216109934912,150,159,true,true,false,Synthetic demonstration only — not a BraTS scientific result.
SYNTH_00524,SYNTH_G0262,B,-T1c,WT,0.8390243902439024,0.1609756097560976,0.49106720983304153,-0.2151958714014488,0.17412617527313567,0.06911455585794686,180,230,true,true,false,Synthetic demonstration only — not a BraTS scientific result.
SYNTH_00524,SYNTH_G0262,B,-T1c,TC,0.8454810495626822,0.15451895043731778,0.4557039265295383,-0.24788230233170894,0.1785164374740707,0.06775663413991281,150,193,true,true,false,Synthetic demonstration only — not a BraTS scientific result.
SYNTH_00524,SYNTH_G0262,B,-T1c,ET,0.828169014084507,0.17183098591549295,0.46225790293493296,-0.3484396722721205,0.18440172675291822,0.0709991397256513,150,205,true,true,false,Synthetic demonstration only — not a BraTS scientific result.
SYNTH_00524,SYNTH_G0262,B,-T2,WT,0.9597855227882037,0.04021447721179627,0.5868231659893549,-0.12063983940786248,0.15792035042097063,0.04447008666564248,180,193,true,true,false,Synthetic demonstration only — not a BraTS scientific result.
SYNTH_00524,SYNTH_G0262,B,-T2,TC,0.9367088607594937,0.06329113924050633,0.5428968397725271,-0.14075247427501372,0.16672845895477936,0.04767484428350328,150,166,true,true,false,Synthetic demonstration only — not a BraTS scientific result.
SYNTH_00524,SYNTH_G0262,B,-T2,ET,0.9579288025889967,0.04207119741100329,0.5759611149084833,-0.26298755452412786,0.1658740819841107,0.04601465117657785,150,159,true,true,false,Synthetic demonstration only — not a BraTS scientific result.
SYNTH_00524,SYNTH_G0262,B,-FLAIR,WT,0.93048128342246,0.06951871657754005,0.6010965660264433,-0.11740917168902659,0.16298029504892558,0.048550688614292216,180,194,true,true,false,Synthetic demonstration only — not a BraTS scientific result.
SYNTH_00524,SYNTH_G0262,B,-FLAIR,TC,0.9490445859872612,0.05095541401273884,0.5352034389897389,-0.1437149009893499,0.1717515251339434,0.050024829087969264,150,164,true,true,false,Synthetic demonstration only — not a BraTS scientific result.
SYNTH_00524,SYNTH_G0262,B,-FLAIR,ET,0.9371069182389937,0.06289308176100628,0.5577855162303322,-0.25497995287723435,0.1694706123457602,0.0489888663031552,150,168,true,true,false,Synthetic demonstration only — not a BraTS scientific result.
SYNTH_00525,SYNTH_G0262,B,Full,WT,0.8309859154929577,0.16901408450704225,0.4309794234913644,-0.07013171860131184,0.17659706390937036,0.06170298985766016,125,159,true,true,false,Synthetic demonstration only — not a BraTS scientific result.
SYNTH_00525,SYNTH_G0262,B,Full,TC,0.8,0.19999999999999996,0.4106313439189215,-0.08700380831763392,0.18976729053985245,0.061114205632070095,100,140,true,true,false,Synthetic demonstration only — not a BraTS scientific result.
SYNTH_00525,SYNTH_G0262,B,Full,ET,0.8185654008438819,0.18143459915611815,0.4165262910032784,-0.17141743508109533,0.17797617526873707,0.06010311172401959,100,137,true,true,false,Synthetic demonstration only — not a BraTS scientific result.
SYNTH_00525,SYNTH_G0262,B,-T1,WT,0.7662337662337663,0.23376623376623373,0.396933104128564,-0.11954674845612949,0.1929516265957009,0.07557461418870291,125,183,true,true,false,Synthetic demonstration only — not a BraTS scientific result.
SYNTH_00525,SYNTH_G0262,B,-T1,TC,0.7203065134099617,0.27969348659003834,0.3817663555603507,-0.14374702321864194,0.1939511314611735,0.07637457048792118,100,161,true,true,false,Synthetic demonstration only — not a BraTS scientific result.
SYNTH_00525,SYNTH_G0262,B,-T1,ET,0.7335907335907336,0.26640926640926643,0.3662142746749931,-0.2570879069589361,0.19862031261218044,0.07661330648320272,100,159,true,true,false,Synthetic demonstration only — not a BraTS scientific result.
SYNTH_00525,SYNTH_G0262,B,-T1c,WT,0.5967741935483871,0.4032258064516129,0.4011459991707507,-0.2151958714014488,0.21488888070689424,0.10628252938597194,125,247,true,true,false,Synthetic demonstration only — not a BraTS scientific result.
SYNTH_00525,SYNTH_G0262,B,-T1c,TC,0.5819397993311036,0.4180602006688964,0.3421752874353012,-0.24788230233170894,0.21560218313425142,0.101767026154408,100,199,true,true,false,Synthetic demonstration only — not a BraTS scientific result.
SYNTH_00525,SYNTH_G0262,B,-T1c,ET,0.6138613861386139,0.38613861386138615,0.34884050035703756,-0.3484396722721205,0.21156359647728906,0.09870547266501652,100,203,true,true,false,Synthetic demonstration only — not a BraTS scientific result.
SYNTH_00525,SYNTH_G0262,B,-T2,WT,0.75,0.25,0.42733899165081757,-0.12063983940786248,0.18744874894236666,0.07756846230513395,125,187,true,true,false,Synthetic demonstration only — not a BraTS scientific result.
SYNTH_00525,SYNTH_G0262,B,-T2,TC,0.7237354085603113,0.27626459143968873,0.358668307095519,-0.14075247427501372,0.1855644480902385,0.07387380070887851,100,157,true,true,false,Synthetic demonstration only — not a BraTS scientific result.
SYNTH_00525,SYNTH_G0262,B,-T2,ET,0.7421875,0.2578125,0.3639953643487581,-0.26298755452412786,0.19142019458069234,0.07395974904832635,100,156,true,true,false,Synthetic demonstration only — not a BraTS scientific result.
SYNTH_00525,SYNTH_G0262,B,-FLAIR,WT,0.7581699346405228,0.24183006535947715,0.40154104914160105,-0.11740917168902659,0.1894723583303325,0.07812819826591624,125,181,true,true,false,Synthetic demonstration only — not a BraTS scientific result.
SYNTH_00525,SYNTH_G0262,B,-FLAIR,TC,0.7153846153846154,0.2846153846153846,0.3689763413888897,-0.1437149009893499,0.1915911492730385,0.0772214545834877,100,160,true,true,false,Synthetic demonstration only — not a BraTS scientific result.
SYNTH_00525,SYNTH_G0262,B,-FLAIR,ET,0.706766917293233,0.29323308270676696,0.3742621610632314,-0.25497995287723435,0.1950068853282172,0.0810748787629829,100,166,true,true,false,Synthetic demonstration only — not a BraTS scientific result.
SYNTH_00526,SYNTH_G0263,B,Full,WT,0.963855421686747,0.03614457831325302,0.5934517635083134,-0.07013171860131184,0.1468395403959981,0.033504558594222356,80,86,true,true,false,Synthetic demonstration only — not a BraTS scientific result.
SYNTH_00526,SYNTH_G0263,B,Full,TC,0.9836065573770492,0.016393442622950838,0.5600345223849412,-0.08700380831763392,0.1457573800383438,0.031167603498795566,60,62,true,true,false,Synthetic demonstration only — not a BraTS scientific result.
SYNTH_00526,SYNTH_G0263,B,Full,ET,0.9917355371900827,0.008264462809917328,0.5013877088643444,-0.17141743508109533,0.1419470358023318,0.0315201837397341,60,61,true,true,false,Synthetic demonstration only — not a BraTS scientific result.
SYNTH_00526,SYNTH_G0263,B,-T1,WT,0.850828729281768,0.149171270718232,0.4310188013386314,-0.11954674845612949,0.17076427642575637,0.05096908786904089,80,101,true,true,false,Synthetic demonstration only — not a BraTS scientific result.
SYNTH_00526,SYNTH_G0263,B,-T1,TC,0.8467153284671532,0.15328467153284675,0.3716088400478312,-0.14374702321864194,0.16675942435626415,0.04697623771466639,60,77,true,true,false,Synthetic demonstration only — not a BraTS scientific result.
SYNTH_00526,SYNTH_G0263,B,-T1,ET,0.8759124087591241,0.12408759124087587,0.351844742773655,-0.2570879069589361,0.17434856800730877,0.04759338747452983,60,77,true,true,false,Synthetic demonstration only — not a BraTS scientific result.
SYNTH_00526,SYNTH_G0263,B,-T1c,WT,0.728110599078341,0.27188940092165903,0.33233897284428404,-0.2151958714014488,0.1976410546588524,0.07268195273457723,80,137,true,true,false,Synthetic demonstration only — not a BraTS scientific result.
SYNTH_00526,SYNTH_G0263,B,-T1c,TC,0.6404494382022472,0.3595505617977528,0.318914331115065,-0.24788230233170894,0.1960502432752519,0.06871339170759429,60,118,true,true,false,Synthetic demonstration only — not a BraTS scientific result.
SYNTH_00526,SYNTH_G0263,B,-T1c,ET,0.6781609195402298,0.32183908045977017,0.3163983265834265,-0.3484396722721205,0.19243248347701222,0.06891821728010895,60,114,true,true,false,Synthetic demonstration only — not a BraTS scientific result.
SYNTH_00526,SYNTH_G0263,B,-T2,WT,0.9341317365269461,0.06586826347305386,0.4240304144809615,-0.12063983940786248,0.16454018595688308,0.04401329627459726,80,87,true,true,false,Synthetic demonstration only — not a BraTS scientific result.
SYNTH_00526,SYNTH_G0263,B,-T2,TC,0.8805970149253731,0.11940298507462688,0.3752462144278001,-0.14075247427501372,0.1704872321564182,0.048379098667763035,60,74,true,true,false,Synthetic demonstration only — not a BraTS scientific result.
SYNTH_00526,SYNTH_G0263,B,-T2,ET,0.8787878787878788,0.12121212121212122,0.34516388960525457,-0.26298755452412786,0.17301239762415568,0.048077979061326,60,72,true,true,false,Synthetic demonstration only — not a BraTS scientific result.
SYNTH_00526,SYNTH_G0263,B,-FLAIR,WT,0.9302325581395349,0.06976744186046513,0.4252279985464816,-0.11740917168902659,0.16532745642172433,0.046027682334174584,80,92,true,true,false,Synthetic demonstration only — not a BraTS scientific result.
SYNTH_00526,SYNTH_G0263,B,-FLAIR,TC,0.8955223880597015,0.10447761194029848,0.36429933326631353,-0.1437149009893499,0.16376618574057442,0.04516502724155816,60,74,true,true,false,Synthetic demonstration only — not a BraTS scientific result.
SYNTH_00526,SYNTH_G0263,B,-FLAIR,ET,0.8823529411764706,0.11764705882352944,0.3430200392585585,-0.25497995287723435,0.1761262682554088,0.049687599727897505,60,76,true,true,false,Synthetic demonstration only — not a BraTS scientific result.
SYNTH_00527,SYNTH_G0263,B,Full,WT,0.883248730964467,0.11675126903553301,0.5142134924753216,-0.07013171860131184,0.17822946966388187,0.06224527153164203,180,214,true,true,false,Synthetic demonstration only — not a BraTS scientific result.
SYNTH_00527,SYNTH_G0263,B,Full,TC,0.8809523809523809,0.11904761904761907,0.5105328376703842,-0.08700380831763392,0.17106421458739565,0.05712021324781377,150,186,true,true,false,Synthetic demonstration only — not a BraTS scientific result.
SYNTH_00527,SYNTH_G0263,B,Full,ET,0.8923076923076924,0.10769230769230764,0.498211699200408,-0.17141743508109533,0.1805489235017002,0.05924928897661508,150,175,true,true,false,Synthetic demonstration only — not a BraTS scientific result.
SYNTH_00527,SYNTH_G0263,B,-T1,WT,0.8166259168704156,0.18337408312958436,0.4476191980465984,-0.11954674845612949,0.18623676731264519,0.07855821371229409,180,229,true,true,false,Synthetic demonstration only — not a BraTS scientific result.
SYNTH_00527,SYNTH_G0263,B,-T1,TC,0.7878787878787878,0.21212121212121215,0.42580147276143987,-0.14374702321864194,0.18458173070283612,0.07904941295408685,150,213,true,true,false,Synthetic demonstration only — not a BraTS scientific result.
SYNTH_00527,SYNTH_G0263,B,-T1,ET,0.7910863509749304,0.2089136490250696,0.4477268413827611,-0.2570879069589361,0.18415214371656238,0.07719900733356684,150,209,true,true,false,Synthetic demonstration only — not a BraTS scientific result.
SYNTH_00527,SYNTH_G0263,B,-T1c,WT,0.6967741935483871,0.3032258064516129,0.44190518936028195,-0.2151958714014488,0.1896195845288781,0.10682996160115711,180,285,true,true,false,Synthetic demonstration only — not a BraTS scientific result.
SYNTH_00527,SYNTH_G0263,B,-T1c,TC,0.6466165413533834,0.3533834586466166,0.4071452369927004,-0.24788230233170894,0.18936140667086776,0.10349476366230533,150,249,true,true,false,Synthetic demonstration only — not a BraTS scientific result.
SYNTH_00527,SYNTH_G0263,B,-T1c,ET,0.6785714285714286,0.3214285714285714,0.4102586184645033,-0.3484396722721205,0.1933069365553573,0.10086507501593663,150,242,true,true,false,Synthetic demonstration only — not a BraTS scientific result.
SYNTH_00527,SYNTH_G0263,B,-T2,WT,0.7943262411347518,0.2056737588652482,0.46569940183401437,-0.12063983940786248,0.18103232726707733,0.0798231764987732,180,243,true,true,false,Synthetic demonstration only — not a BraTS scientific result.
SYNTH_00527,SYNTH_G0263,B,-T2,TC,0.7922437673130194,0.20775623268698062,0.43072364820096215,-0.14075247427501372,0.18598462312081251,0.08042525798271707,150,211,true,true,false,Synthetic demonstration only — not a BraTS scientific result.
SYNTH_00527,SYNTH_G0263,B,-T2,ET,0.7526881720430108,0.24731182795698925,0.44157453097373534,-0.26298755452412786,0.19077658965256386,0.08157346281807712,150,222,true,true,false,Synthetic demonstration only — not a BraTS scientific result.
SYNTH_00527,SYNTH_G0263,B,-FLAIR,WT,0.8534704370179949,0.14652956298200515,0.46458120934990127,-0.11740917168902659,0.17735130403960894,0.07351943698769631,180,209,true,true,false,Synthetic demonstration only — not a BraTS scientific result.
SYNTH_00527,SYNTH_G0263,B,-FLAIR,TC,0.7885714285714286,0.2114285714285714,0.4127356135297429,-0.1437149009893499,0.17674895001055133,0.07849825668840027,150,200,true,true,false,Synthetic demonstration only — not a BraTS scientific result.
SYNTH_00527,SYNTH_G0263,B,-FLAIR,ET,0.7486338797814208,0.2513661202185792,0.45407457250689615,-0.25497995287723435,0.18643813046315294,0.08097690358808422,150,216,true,true,false,Synthetic demonstration only — not a BraTS scientific result.
SYNTH_00528,SYNTH_G0264,B,Full,WT,0.9398496240601504,0.06015037593984962,0.4992860156837252,-0.07013171860131184,0.16664474346771005,0.046610219409798447,125,141,true,true,false,Synthetic demonstration only — not a BraTS scientific result.
SYNTH_00528,SYNTH_G0264,B,Full,TC,0.9023255813953488,0.0976744186046512,0.4382687527882225,-0.08700380831763392,0.16570977293662736,0.05209741562127769,100,115,true,true,false,Synthetic demonstration only — not a BraTS scientific result.
SYNTH_00528,SYNTH_G0264,B,Full,ET,0.9124423963133641,0.0875576036866359,0.42733245400547354,-0.17141743508109533,0.174948371104602,0.05082750521801524,100,117,true,true,false,Synthetic demonstration only — not a BraTS scientific result.
SYNTH_00528,SYNTH_G0264,B,-T1,WT,0.7959866220735786,0.20401337792642138,0.4280181749595761,-0.11954674845612949,0.17952708873050588,0.06962742276874419,125,174,true,true,false,Synthetic demonstration only — not a BraTS scientific result.
SYNTH_00528,SYNTH_G0264,B,-T1,TC,0.7567567567567568,0.2432432432432432,0.3799962134627685,-0.14374702321864194,0.191467954455542,0.07144243463712126,100,159,true,true,false,Synthetic demonstration only — not a BraTS scientific result.
SYNTH_00528,SYNTH_G0264,B,-T1,ET,0.7883817427385892,0.2116182572614108,0.39622562884482154,-0.2570879069589361,0.181256753895315,0.06728288274865192,100,141,true,true,false,Synthetic demonstration only — not a BraTS scientific result.
SYNTH_00528,SYNTH_G0264,B,-T1c,WT,0.6705539358600583,0.3294460641399417,0.38388286481090034,-0.2151958714014488,0.2027885827973343,0.09889093884531423,125,218,true,true,false,Synthetic demonstration only — not a BraTS scientific result.
SYNTH_00528,SYNTH_G0264,B,-T1c,TC,0.6054421768707483,0.3945578231292517,0.36131711457547283,-0.24788230233170894,0.2053731148610799,0.0942236651790495,100,194,true,true,false,Synthetic demonstration only — not a BraTS scientific result.
SYNTH_00528,SYNTH_G0264,B,-T1c,ET,0.5921052631578947,0.4078947368421053,0.36508025795551263,-0.3484396722721205,0.20738537535036183,0.09542134657848758,100,204,true,true,false,Synthetic demonstration only — not a BraTS scientific result.
SYNTH_00528,SYNTH_G0264,B,-T2,WT,0.7918088737201365,0.20819112627986347,0.3973226743099046,-0.12063983940786248,0.18899340584459604,0.07197435320716136,125,168,true,true,false,Synthetic demonstration only — not a BraTS scientific result.
SYNTH_00528,SYNTH_G0264,B,-T2,TC,0.7322834645669292,0.26771653543307083,0.3806570834665483,-0.14075247427501372,0.19791430745750818,0.07275309843981728,100,154,true,true,false,Synthetic demonstration only — not a BraTS scientific result.
SYNTH_00528,SYNTH_G0264,B,-T2,ET,0.76,0.24,0.3810719470859169,-0.26298755452412786,0.19247191373284878,0.07121076183676707,100,150,true,true,false,Synthetic demonstration only — not a BraTS scientific result.
SYNTH_00528,SYNTH_G0264,B,-FLAIR,WT,0.8122866894197952,0.1877133105802048,0.4413667061608968,-0.11740917168902659,0.17760254568896125,0.06560985743472557,125,168,true,true,false,Synthetic demonstration only — not a BraTS scientific result.
SYNTH_00528,SYNTH_G0264,B,-FLAIR,TC,0.7550200803212851,0.2449799196787149,0.38988959035731996,-0.1437149009893499,0.18462206401172362,0.07199608268797598,100,149,true,true,false,Synthetic demonstration only — not a BraTS scientific result.
SYNTH_00528,SYNTH_G0264,B,-FLAIR,ET,0.7530364372469636,0.24696356275303644,0.406372821190165,-0.25497995287723435,0.17832964807986687,0.06883135823754438,100,147,true,true,false,Synthetic demonstration only — not a BraTS scientific result.
SYNTH_00529,SYNTH_G0264,B,Full,WT,1.0,0.0,0.8798676390804312,-0.07013171860131184,0.12114360600324477,0.02108998179894498,125,125,true,true,false,Synthetic demonstration only — not a BraTS scientific result.
SYNTH_00529,SYNTH_G0264,B,Full,TC,1.0,0.0,0.8500076776355102,-0.08700380831763392,0.11990164031037773,0.020392792317006136,100,100,true,true,false,Synthetic demonstration only — not a BraTS scientific result.
SYNTH_00529,SYNTH_G0264,B,Full,ET,1.0,0.0,0.849468267135459,-0.17141743508109533,0.11938059316438238,0.02022935223193354,100,100,true,true,false,Synthetic demonstration only — not a BraTS scientific result.
SYNTH_00529,SYNTH_G0264,B,-T1,WT,0.9960159362549801,0.003984063745019917,0.6472569958388869,-0.11954674845612949,0.1468401709289776,0.033182530081189834,125,126,true,true,false,Synthetic demonstration only — not a BraTS scientific result.
SYNTH_00529,SYNTH_G0264,B,-T1,TC,0.9950248756218906,0.00497512437810943,0.6033664564496868,-0.14374702321864194,0.13916648899826695,0.03140985849432059,100,101,true,true,false,Synthetic demonstration only — not a BraTS scientific result.
SYNTH_00529,SYNTH_G0264,B,-T1,ET,0.970873786407767,0.029126213592232997,0.5717245979192882,-0.2570879069589361,0.15116528108767047,0.034479733913559726,100,106,true,true,false,Synthetic demonstration only — not a BraTS scientific result.
SYNTH_00529,SYNTH_G0264,B,-T1c,WT,0.9077490774907749,0.09225092250922506,0.47949309679013935,-0.2151958714014488,0.1741032213859373,0.05481995320612886,125,146,true,true,false,Synthetic demonstration only — not a BraTS scientific result.
SYNTH_00529,SYNTH_G0264,B,-T1c,TC,0.8558951965065502,0.14410480349344978,0.44708601534512743,-0.24788230233170894,0.1775157056227345,0.05595405986446163,100,129,true,true,false,Synthetic demonstration only — not a BraTS scientific result.
SYNTH_00529,SYNTH_G0264,B,-T1c,ET,0.8755760368663594,0.12442396313364057,0.4261244569086076,-0.3484396722721205,0.15915412935052065,0.05104980000650459,100,117,true,true,false,Synthetic demonstration only — not a BraTS scientific result.
SYNTH_00529,SYNTH_G0264,B,-T2,WT,0.9879518072289156,0.012048192771084376,0.6128802026494358,-0.12063983940786248,0.15621606811797803,0.03783157117284932,125,124,true,true,false,Synthetic demonstration only — not a BraTS scientific result.
SYNTH_00529,SYNTH_G0264,B,-T2,TC,0.9850746268656716,0.014925373134328401,0.577515881863708,-0.14075247427501372,0.1477054911495774,0.03455521006950444,100,101,true,true,false,Synthetic demonstration only — not a BraTS scientific result.
SYNTH_00529,SYNTH_G0264,B,-T2,ET,0.9950248756218906,0.00497512437810943,0.6004080844845177,-0.26298755452412786,0.14679666537950897,0.03283026351610956,100,101,true,true,false,Synthetic demonstration only — not a BraTS scientific result.
SYNTH_00529,SYNTH_G0264,B,-FLAIR,WT,0.9881422924901185,0.011857707509881465,0.6347742681452673,-0.11740917168902659,0.15141368409038017,0.03527076863633297,125,128,true,true,false,Synthetic demonstration only — not a BraTS scientific result.
SYNTH_00529,SYNTH_G0264,B,-FLAIR,TC,0.9900990099009901,0.00990099009900991,0.6034899049994752,-0.1437149009893499,0.13857035186702038,0.03017682218029769,100,102,true,true,false,Synthetic demonstration only — not a BraTS scientific result.
SYNTH_00529,SYNTH_G0264,B,-FLAIR,ET,0.9803921568627451,0.019607843137254943,0.5806770723968177,-0.25497995287723435,0.14991590925080492,0.035022298961068225,100,104,true,true,false,Synthetic demonstration only — not a BraTS scientific result.
SYNTH_00530,SYNTH_G0265,B,Full,WT,0.7147335423197492,0.28526645768025083,0.3953082430468029,-0.07013171860131184,0.18466210561340848,0.07924493348875647,125,194,true,true,false,Synthetic demonstration only — not a BraTS scientific result.
SYNTH_00530,SYNTH_G0265,B,Full,TC,0.7294117647058823,0.2705882352941177,0.34384064288146765,-0.08700380831763392,0.18987439475990672,0.07780331303365058,100,155,true,true,false,Synthetic demonstration only — not a BraTS scientific result.
SYNTH_00530,SYNTH_G0265,B,Full,ET,0.6496350364963503,0.35036496350364965,0.3429849987287058,-0.17141743508109533,0.19602878053765602,0.08813114570019606,100,174,true,true,false,Synthetic demonstration only — not a BraTS scientific result.
SYNTH_00530,SYNTH_G0265,B,-T1,WT,0.6468842729970327,0.35311572700296734,0.3825484070783167,-0.11954674845612949,0.19743409932559391,0.09725550709197767,125,212,true,true,false,Synthetic demonstration only — not a BraTS scientific result.
SYNTH_00530,SYNTH_G0265,B,-T1,TC,0.5816993464052288,0.4183006535947712,0.3948692135604887,-0.14374702321864194,0.20634138055088944,0.09766982321562472,100,206,true,true,false,Synthetic demonstration only — not a BraTS scientific result.
SYNTH_00530,SYNTH_G0265,B,-T1,ET,0.5966101694915255,0.40338983050847455,0.34735112122324796,-0.2570879069589361,0.2140335011187259,0.09695282947995536,100,195,true,true,false,Synthetic demonstration only — not a BraTS scientific result.
SYNTH_00530,SYNTH_G0265,B,-T1c,WT,0.5477386934673367,0.4522613065326633,0.37880852791567077,-0.2151958714014488,0.2314668455472631,0.12447355852051706,125,273,true,true,false,Synthetic demonstration only — not a BraTS scientific result.
SYNTH_00530,SYNTH_G0265,B,-T1c,TC,0.5086705202312138,0.49132947976878616,0.3427532781757647,-0.24788230233170894,0.2289110430261745,0.11854016838091969,100,246,true,true,false,Synthetic demonstration only — not a BraTS scientific result.
SYNTH_00530,SYNTH_G0265,B,-T1c,ET,0.5325443786982249,0.4674556213017751,0.3662847642027066,-0.3484396722721205,0.23291248799782557,0.1161501276204885,100,238,true,true,false,Synthetic demonstration only — not a BraTS scientific result.
SYNTH_00530,SYNTH_G0265,B,-T2,WT,0.6340057636887608,0.3659942363112392,0.4117295752369949,-0.12063983940786248,0.19619675312134174,0.09958053765616684,125,222,true,true,false,Synthetic demonstration only — not a BraTS scientific result.
SYNTH_00530,SYNTH_G0265,B,-T2,TC,0.5958904109589042,0.40410958904109584,0.3389333116425181,-0.14075247427501372,0.21081090058935262,0.09439797201184069,100,192,true,true,false,Synthetic demonstration only — not a BraTS scientific result.
SYNTH_00530,SYNTH_G0265,B,-T2,ET,0.5894039735099338,0.4105960264900662,0.34650991496849354,-0.26298755452412786,0.21816111240898162,0.09759565418476339,100,202,true,true,false,Synthetic demonstration only — not a BraTS scientific result.
SYNTH_00530,SYNTH_G0265,B,-FLAIR,WT,0.6686046511627907,0.33139534883720934,0.39540745177142433,-0.11740917168902659,0.20054039374038743,0.09612159358539366,125,219,true,true,false,Synthetic demonstration only — not a BraTS scientific result.
SYNTH_00530,SYNTH_G0265,B,-FLAIR,TC,0.5822784810126582,0.4177215189873418,0.378129698070659,-0.1437149009893499,0.2079498443063636,0.09766298709616053,100,216,true,true,false,Synthetic demonstration only — not a BraTS scientific result.
SYNTH_00530,SYNTH_G0265,B,-FLAIR,ET,0.636986301369863,0.363013698630137,0.3588221344435963,-0.25497995287723435,0.20499663705019583,0.09375630599679975,100,192,true,true,false,Synthetic demonstration only — not a BraTS scientific result.
SYNTH_00531,SYNTH_G0265,B,Full,WT,0.5608856088560885,0.4391143911439115,0.3474181587990595,-0.07013171860131184,0.21939099634558565,0.09500697255724165,80,191,true,true,false,Synthetic demonstration only — not a BraTS scientific result.
SYNTH_00531,SYNTH_G0265,B,Full,TC,0.49557522123893805,0.504424778761062,0.3059703444347071,-0.08700380831763392,0.21887292352362744,0.091793198063419,60,166,true,true,false,Synthetic demonstration only — not a BraTS scientific result.
SYNTH_00531,SYNTH_G0265,B,Full,ET,0.0,1.0,0.20122775997982914,-0.17141743508109533,0.24478047954159904,0.09184304475086023,0,113,true,true,false,Synthetic demonstration only — not a BraTS scientific result.
SYNTH_00531,SYNTH_G0265,B,-T1,WT,0.5201465201465202,0.4798534798534798,0.34358799331791706,-0.11954674845612949,0.22482189392190002,0.10620218782013512,80,193,true,true,false,Synthetic demonstration only — not a BraTS scientific result.
SYNTH_00531,SYNTH_G0265,B,-T1,TC,0.38461538461538464,0.6153846153846154,0.3138907338645853,-0.14374702321864194,0.24843654680537638,0.11404050308860561,60,200,true,true,false,Synthetic demonstration only — not a BraTS scientific result.
SYNTH_00531,SYNTH_G0265,B,-T1,ET,0.0,1.0,0.23936740695897188,-0.2570879069589361,0.2715715819535945,0.11148404636427317,0,153,true,true,false,Synthetic demonstration only — not a BraTS scientific result.
SYNTH_00531,SYNTH_G0265,B,-T1c,WT,0.39316239316239315,0.6068376068376069,0.3451367943849734,-0.2151958714014488,0.26161248232337025,0.13397046769719922,80,271,true,true,false,Synthetic demonstration only — not a BraTS scientific result.
SYNTH_00531,SYNTH_G0265,B,-T1c,TC,0.3181818181818182,0.6818181818181819,0.3423779563055329,-0.24788230233170894,0.2663881148014803,0.13398258119429893,60,248,true,true,false,Synthetic demonstration only — not a BraTS scientific result.
SYNTH_00531,SYNTH_G0265,B,-T1c,ET,0.0,1.0,0.2812461795869589,-0.3484396722721205,0.29825431042164985,0.13296472538698875,0,203,true,true,false,Synthetic demonstration only — not a BraTS scientific result.
SYNTH_00531,SYNTH_G0265,B,-T2,WT,0.5,0.5,0.3247088799165962,-0.12063983940786248,0.2352192101083119,0.11223722659538095,80,196,true,true,false,Synthetic demonstration only — not a BraTS scientific result.
SYNTH_00531,SYNTH_G0265,B,-T2,TC,0.3700787401574803,0.6299212598425197,0.3379320857159315,-0.14075247427501372,0.24228384187416746,0.11382188332044867,60,194,true,true,false,Synthetic demonstration only — not a BraTS scientific result.
SYNTH_00531,SYNTH_G0265,B,-T2,ET,0.0,1.0,0.24260928287054148,-0.26298755452412786,0.2598900476220868,0.10598262988880691,0,143,true,true,false,Synthetic demonstration only — not a BraTS scientific result.
SYNTH_00531,SYNTH_G0265,B,-FLAIR,WT,0.5067567567567568,0.4932432432432432,0.343687932231965,-0.11740917168902659,0.22970101067837984,0.10557561863917986,80,216,true,true,false,Synthetic demonstration only — not a BraTS scientific result.
SYNTH_00531,SYNTH_G0265,B,-FLAIR,TC,0.42023346303501946,0.5797665369649805,0.29968251115778904,-0.1437149009893499,0.24026405865318642,0.10745886627046672,60,197,true,true,false,Synthetic demonstration only — not a BraTS scientific result.
SYNTH_00531,SYNTH_G0265,B,-FLAIR,ET,0.0,1.0,0.2632845389217085,-0.25497995287723435,0.2780935177605544,0.11664259062653774,0,162,true,true,false,Synthetic demonstration only — not a BraTS scientific result.
